priority,platform,subreddit,author,title,content,url,keywords_matched,emails_found,phones_found,created_at,upvotes,num_comments,source
high,reddit,legaladvice,/u/Beneficial-Record12,Assault at therapeutic boarding school,"<!-- SC_OFF --><div class=""md""><p>Location: Connecticut </p> <p>What are my rights and what kind of lawyer handles cases of negligence resulting in injury? Looking for direction as my teen was assaulted unprovoked resulting in an ER visit due to a concussion. Due to the nature of the attack after I made a police report the officer said they will pursue felony charges. This is my daughter back tons in terms of emotional stability. The school has yet to really explain the details as they are still",https://www.reddit.com/r/legaladvice/comments/1qegrhf/assault_at_therapeutic_boarding_school/,injury attorney,,,2026-01-16T14:02:34+00:00,0,0,
high,reddit,legaladvice,/u/WatchNiBe,Uninsured Motorist Car Accident,"<!-- SC_OFF --><div class=""md""><p><strong>Location:</strong> Austin, Texas</p> <p>In December 2024, my wife was in a bad car accident where her car was completely totalled and she had bad back and neck injuries. We later found out the at-fault driver did <strong>not</strong> have active insurance.</p> <p>My wife’s car was totaled. She went to the ER and then did several months of physical therapy for neck/back injuries. We have <strong>$50,000 uninsured motorist</strong> coverage on our auto pol",https://www.reddit.com/r/legaladvice/comments/1qdmxgb/uninsured_motorist_car_accident/,injury attorney,,,2026-01-15T15:43:31+00:00,0,0,
high,reddit,legaladvice,/u/Few_Day_3867,[AZ] Seeking guidance after Lyft driver was assaulted while working – difficulty finding an attorney,"<!-- SC_OFF --><div class=""md""><p>Location: Arizona</p> <p>Hi everyone, I’m looking for general guidance and attorney direction in Arizona (Phoenix/Maricopa County).</p> <p>My father is a Lyft driver and was assaulted and robbed while working after picking up passengers for a ride. The incident involved a physical attack resulting in a head injury with brief loss of consciousness, theft of his phone, and subsequent medical treatment, including an ER visit and CT scan. He is currently medically u",https://www.reddit.com/r/legaladvice/comments/1q9e08q/az_seeking_guidance_after_lyft_driver_was/,injury attorney,,,2026-01-10T20:02:41+00:00,0,0,
high,reddit,legaladvice,/u/Surrender2sadness,Recourse for contingency,"<!-- SC_OFF --><div class=""md""><p>TLDR: hired lawyer on contingency back in 2019 for personal injury (med mal) case. Lawyer has delayed several important hearings. Trial scheduled for mid 2026–he’s pushed summary judgment to February 2026.</p> <p>I hired my lawyer on a contingency basis in 2019 after a medical trauma. We have been moving at a snails pace. Early in 2025 he filed trial note of issue. All along he has told me we needed to survive summary judgment hearing. In 2019 there were eight d",https://www.reddit.com/r/legaladvice/comments/1q89ia5/recourse_for_contingency/,injury attorney,,,2026-01-09T14:21:28+00:00,0,0,
high,reddit,legaladvice,/u/Funktackular,Interstate Wiretapping civil suit,"<!-- SC_OFF --><div class=""md""><p>I’m looking for general guidance, not specific legal advice. I believe I may have a civil invasion-of-privacy / illegal recording (wiretapping) claim involving private communications recorded without my consent in settings where there was an expectation of privacy, possibly involving interstate consent-law issues, and later used or attempted to be used in related legal proceedings; there’s no physical injury, only privacy invasion and emotional distress. I’m str",https://www.reddit.com/r/legaladvice/comments/1q7tjff/interstate_wiretapping_civil_suit/,injury attorney,,,2026-01-09T00:42:18+00:00,0,0,
high,reddit,legaladvice,/u/Constant-Video5016,Work compensation after 2 years ?,"<!-- SC_OFF --><div class=""md""><p>Location: NY</p> <p>Hi everyone, in advanced please excuse my lack or knowledge/terminology. I am making this post for my aunt, and I'm 18 without a lot of knowledge on how these things work and going based off what she told me. The situation: My aunt suffered a work-related knee injury two years ago. Im not sure what the full situation is, but she was able to return to work after this injury. Recently though she has been out of work for probably at least a mont",https://www.reddit.com/r/legaladvice/comments/1q5rzw7/work_compensation_after_2_years/,injury attorney,,,2026-01-06T19:17:16+00:00,0,0,
high,reddit,legaladvice,/u/Lonely_Present_404,WI – Kennel failed to disclose dog injury; attorney contacted me once then went silent. Is small claims appropriate?,"<!-- SC_OFF --><div class=""md""><p>Location: Wisconsin, USA</p> <p>I’m in Wisconsin and looking for guidance on whether it’s reasonable to file in small claims court.</p> <p>My dog was boarded at a kennel in early December. At pickup, I was told my dog had been <strong>bandaged</strong>, but <strong>no cause, details, or timeline</strong> were provided. After returning home, I discovered an injury that required veterinary treatment.</p> <p>I notified the kennel and provided photos, vet records, a",https://www.reddit.com/r/legaladvice/comments/1q5m17y/wi_kennel_failed_to_disclose_dog_injury_attorney/,injury attorney,,,2026-01-06T15:43:43+00:00,0,0,
high,reddit,legaladvice,/u/Serendipity_Inn,Need a little guidance,"<!-- SC_OFF --><div class=""md""><p>Recent motorcycle accident location: Southern California</p> <p>So sadly on December 22nd I was in a pretty nasty accident. A woman decided to make a last minute right turn from the middle lane and I collided into her. Bike was totaled and I had to go to the hospital for blunt force trauma to the chest and stomach. Thankfully nothing was broken but I suspect I will need physical therapy for awhile. Now im just struggling slightly with how it all works. Because d",https://www.reddit.com/r/legaladvice/comments/1q5c7t2/need_a_little_guidance/,injury attorney,,,2026-01-06T07:31:57+00:00,0,0,
high,reddit,legaladvice,/u/kalethis,"[Cali] I want to get my car fixed but I'm concerned, is other party's insurance is trying to trap me?","<!-- SC_OFF --><div class=""md""><p>Location: San Bernardino, California</p> <p>Type: Auto Insurance</p> <p>I was in a car accident recently. I have full coverage, but my collision is $2500 deductible (and I have a waiver for uninsured/underinsured motorist). </p> <p>The other party made an illegal right turn (right turn at a red light, went across the outside lane and hit the passenger side of my car, a 4-door sedan, traveling in the inside line). I took lots of pictures of everything I could bec",https://www.reddit.com/r/legaladvice/comments/1q59xgr/cali_i_want_to_get_my_car_fixed_but_im_concerned/,injury attorney,,,2026-01-06T05:23:45+00:00,0,0,
high,reddit,legaladvice,/u/Expert_Law7983,"Uninsured, injured in an assault, but PI attorneys decline due to “intentional act.” What options exist?","<!-- SC_OFF --><div class=""md""><p>Location: Utah</p> <p>I’m trying to understand how someone with legal experience would approach my situation, because I’m running into the same issue with multiple attorneys.</p> <p>Earlier this year, I was assaulted by another patron at a nightclub. Law enforcement responded, the assailant was arrested, a police report was filed, and criminal charges are pending. I suffered a serious orthopedic injury requiring surgery and extended rehabilitation.</p> <p>I am u",https://www.reddit.com/r/legaladvice/comments/1q51s8l/uninsured_injured_in_an_assault_but_pi_attorneys/,injury attorney,,,2026-01-05T23:26:39+00:00,0,0,
high,reddit,legaladvice,/u/kingkss08,"Louisiana Insurer in Bad Faith on $65k Property Claim; PI firms won't touch ""Property Only"" despite 111-day statutory delinquency (R.S. 22:1892) and pages upon pages of evidence.","<!-- SC_OFF --><div class=""md""><p>Back in Late 2024, I was involved in an accident in Location: Baton Rouge, Louisiana. I already had an attorney handle the personal injury part, but they lack insurance bad faith experience and i'd feel more comfortable with someone else . I've reached out to some of the big and small firms but they all pass because the bodily injury claim is already taken, even though the property damage claim alone could be worth $65,000+ once you factor in Louisiana's statuto",https://www.reddit.com/r/legaladvice/comments/1q4wxqa/louisiana_insurer_in_bad_faith_on_65k_property/,injury attorney,,,2026-01-05T20:23:50+00:00,0,0,
high,reddit,legaladvice,/u/EmptyDirection2279,Texas – Personal Injury Case Settled Without My Informed Consent Using Outdated Medical Records – Possible Legal Malpractice?,"<!-- SC_OFF --><div class=""md""><p>Hi everyone, I’m looking for general guidance and clarification on whether what happened in my case raises legal malpractice or settlement enforceability concerns. This is in Texas.</p> <p>Background (Personal Injury Case): I was injured in a work-related accident and pursued a third-party personal injury claim while also receiving ongoing treatment through workers’ compensation. My injuries involve my spine (cervical and lumbar), including fractures and issues ",https://www.reddit.com/r/legaladvice/comments/1q40rnx/texas_personal_injury_case_settled_without_my/,injury attorney,,,2026-01-04T20:32:35+00:00,0,0,
high,reddit,legaladvice,/u/rottedmolar,Broke car mirror of illegally parked car,"<!-- SC_OFF --><div class=""md""><p>Location: Arizona</p> <p>Last night i was trying to get out of a parking spot and this car was parked behind me in a parking spot they made up. it wasn’t an actual spot. I tried to get out and ended up breaking the whole side mirror off attempting to get out. A big crowd of people saw and took a picture of it (i didn’t i forgot and this is my first accident ever). They made me leave my first and last name, phone number and email. I don’t know what to do. The per",https://www.reddit.com/r/legaladvice/comments/1qgpjnn/broke_car_mirror_of_illegally_parked_car/,car accident lawyer,,,2026-01-19T00:44:02+00:00,0,0,
high,reddit,legaladvice,/u/gadget3358,Incorrectly implicated in traffic accident,"<!-- SC_OFF --><div class=""md""><p>Location: Baltimore, Maryland, USA</p> <p>My husband has been summoned to court for being in a multiple car accident and fleeing the scene. </p> <p>Except he wasn’t. He was in Virginia for work, and the car in the police report was parked in our garage. We live south of Baltimore, not in it. The name on the report also is not someone we know, and the license plate in the report is not ours. But the VIN matches our car, which is why my husband’s name is on the re",https://www.reddit.com/r/legaladvice/comments/1qghh66/incorrectly_implicated_in_traffic_accident/,car accident lawyer,,,2026-01-18T19:14:21+00:00,0,0,
high,reddit,legaladvice,/u/Sensitive_Swim_6237,Is it safe to sign a release before a personal check clears?,"<!-- SC_OFF --><div class=""md""><p>Location: California</p> <p>I’m settling a small car accident privately with the other driver. We agreed on an amount, and she wants to pay by personal check.</p> <p>She’s asking me to sign a release form first, saying the release will only become valid once the check is cashed/clears, and that if the check bounces the release would be invalid.</p> <p>We are not in the same area so we cannot be in person to make this deal.</p> <p>I’m unsure how safe this actuall",https://www.reddit.com/r/legaladvice/comments/1qgd1h4/is_it_safe_to_sign_a_release_before_a_personal/,car accident lawyer,,,2026-01-18T16:29:21+00:00,0,0,
high,reddit,legaladvice,/u/CommiClown,"It’ll be 3 years in May, can I do anything? (car / auto issue)","<!-- SC_OFF --><div class=""md""><p>Location: California So long story short and fyi this has been the most stressful 3 years of my life trying to heal from my injuries: I got in a car accident a few years ago, car was totaled and I had to get a “new” one. I went used because I didn’t think I could afford new car payments. I should’ve gone certified preowned or something, but I didn’t. I thought the carfax showed more than it did. It was my first time buying a car and now I know better, like get i",https://www.reddit.com/r/legaladvice/comments/1qfm7do/itll_be_3_years_in_may_can_i_do_anything_car_auto/,car accident lawyer,,,2026-01-17T19:20:21+00:00,0,0,
high,reddit,legaladvice,/u/hadleyandfen,Bodily Injury Claim/Insurance Question,"<!-- SC_OFF --><div class=""md""><p>Location: Missouri</p> <p>Hey all- writing on behalf of someone else! He was in an accident in September 2022- he had been at a complete stop at a red light. The light turned green, the car in front of him started to go, then slammed on her breaks, causing him to rear-end her. They pulled off into a parking lot, both drivers got out of the car and checked on each other/their cars. It was determined there was no damage on either car, the driver stated she was fin",https://www.reddit.com/r/legaladvice/comments/1qfm38d/bodily_injury_claiminsurance_question/,car accident lawyer,,,2026-01-17T19:15:56+00:00,0,0,
high,reddit,legaladvice,/u/Typical_Sea_253,I hit a new car in a dealership parking lot (CT),"<!-- SC_OFF --><div class=""md""><p>Location: Connecticut. Hi all I had a small accident this morning. I had an appointment at a dealership for maintenance on my car, and arrived at open. It had snowed all night, and they did not plow the parking lot. I realized once I turned in and I wasn’t going very fast (10-15 mph) but I slid in the turn and my front number hit the front bumper of a car on the lot. I immediately got out and took pictures of the damaged, the lot conditions, and my car. There is",https://www.reddit.com/r/legaladvice/comments/1qffbe6/i_hit_a_new_car_in_a_dealership_parking_lot_ct/,car accident lawyer,,,2026-01-17T14:58:44+00:00,0,0,
high,reddit,legaladvice,/u/Disastrous_Age_9490,My grandmother got hit by a vehicle at a crosswalk in broad daylight. Police decide to waive her citation. What should I do.,"<!-- SC_OFF --><div class=""md""><p>Location: Illinois. My grandmother (I'll call her Gran) got hit by a vehicle at a crosswalk yesterday. She is severely injured with multiple broken ribs. By the time my family made it to the accident Gran was already in the ambulance going to the hospital. When talking to the police at the scene, they stated that she was not supposed to cross then when the vehicle hit her so normally they would issue Gran a citation but decided to waive it.</p> <p>Gran's side of",https://www.reddit.com/r/legaladvice/comments/1qevyh4/my_grandmother_got_hit_by_a_vehicle_at_a/,car accident lawyer,,,2026-01-16T23:28:57+00:00,0,0,
high,reddit,legaladvice,/u/Big-juicy-cock548,Rear ended someone driving my girls car (nyc),"<!-- SC_OFF --><div class=""md""><p>location: NYC, NYS </p> <p>hey, I’m in NYC, which I know is a no fault state. I recently rear ended someone while driving my girls car. I was coming from a doctors appointment and homie stopped short, and I tapped his bumper.</p> <p>the driver had no visible scratches and same with my car. trouble is, it was a taxi, and the passenger is now claiming bodily injury.</p> <p>my girlfriend filed a claim on her insurance just cuz we were afraid about the passenger cla",https://www.reddit.com/r/legaladvice/comments/1qeoj65/rear_ended_someone_driving_my_girls_car_nyc/,car accident lawyer,,,2026-01-16T18:47:29+00:00,0,0,
high,reddit,legaladvice,/u/mrgoat89,Company won't give me dash cam video,"<!-- SC_OFF --><div class=""md""><p>I'm a truck driver, and i was in an accident the other day in Houston, TX. It was written up by the police on scene as my fault (and it very well could be). My company has dash cam video that would tell me one way or the other, plus give me some closure on what happened. It all happened so fast I can't really picture it, only hear the sound of the impact. Nobody died, heck even though the pickup was totaled the other driver refused the ambulance saying they were",https://www.reddit.com/r/legaladvice/comments/1qen1ed/company_wont_give_me_dash_cam_video/,car accident lawyer,,,2026-01-16T17:54:13+00:00,0,0,
high,reddit,legaladvice,/u/thorstenl312,"Other driver identified by license plate on dash cam, insurer says “unable to locate.” Should I pursue small claims?","<!-- SC_OFF --><div class=""md""><p>Location: Dallas, TX</p> <p>Hi all, looking for guidance on next steps and whether small claims court makes sense.</p> <p>I was involved in a car accident in August 2025. No injuries, property damage only. The other driver stopped and we exchanged information at the scene. Did not get a police report.</p> <p>I have clear dash cam footage of the incident, including a clearly readable license plate of the other vehicle.</p> <p>I attempted to file a claim directly ",https://www.reddit.com/r/legaladvice/comments/1qe6puy/other_driver_identified_by_license_plate_on_dash/,car accident lawyer,,,2026-01-16T04:52:28+00:00,0,0,
high,reddit,legaladvice,/u/Positive_Bid_,Accident - at fault driver intoxicated worth suing?,"<!-- SC_OFF --><div class=""md""><p>Location: Ohio</p> <p>I was in an accident today where I was driving down the city road 35 mph in front of the college and a driver came into my lane head on I had no where to go and he side swept my car. I called 911 right after it happened. Police and fire trucks came but I didn’t seek medical attention first due to just a dull pain in my shoulder. (I’m the luckiest unlucky person) </p> <p>I ended up going to the ER later very luckily escaped with just a sprai",https://www.reddit.com/r/legaladvice/comments/1qe2c8c/accident_at_fault_driver_intoxicated_worth_suing/,car accident lawyer,,,2026-01-16T01:29:24+00:00,0,0,
high,reddit,legaladvice,/u/El_Voltaje,Have a minor car accident,"<!-- SC_OFF --><div class=""md""><p>Location: Florida</p> <p>Like the description says I had an accident yesterday in parking lot. Minor accident but the other party was trying to blame me. Long story short, police came and after the investigation they found the other party at fault. Now today I receiving calls from legal teams telling me about the &quot;benefits&quot; I have and talk about sue the other party Insurance company. I was with my wife and baby at the time of the accident. Are those te",https://www.reddit.com/r/legaladvice/comments/1qdzau1/have_a_minor_car_accident/,car accident lawyer,,,2026-01-15T23:20:31+00:00,0,0,
high,reddit,legaladvice,/u/Wooden_Current_5028,Business Broker Negligence?,"<!-- SC_OFF --><div class=""md""><p>Location: Huntsville, Alabama</p> <p>I am looking for any advice for my mother, here is a general rundown of the situation. We have been looking for lawyers but it is extremely hard to find one who handles this type of broker fraud. Is this even worth pursuing?</p> <p>My family owned and operated a small business for 18 years and sold it in March 2024 through a national business brokerage. My mother sold due to limitations following a traumatic brain injury and ",https://www.reddit.com/r/legaladvice/comments/1qejcd3/business_broker_negligence/,personal injury,,,2026-01-16T15:41:57+00:00,0,0,
high,reddit,legaladvice,/u/Alarmed_One_2445,Insurance dispute in Milwaukee,"<!-- SC_OFF --><div class=""md""><p>Location: Milwaukee, WI</p> <p>Hi everyone, I need help with dealing with an insurance company for loss of use and wages concerning a truck accident. On 12/10/25 my semi truck was hit and was unusable until yesterday. The adjuster i'm working with only offered 10 days of loss of use even though the truck was unusable for 35. He says that it was but the shop where the estimate was done claims it's not. I already told him I'll get a lawyer and he won't budge. How ",https://www.reddit.com/r/legaladvice/comments/1qdms1y/insurance_dispute_in_milwaukee/,personal injury,,,2026-01-15T15:37:52+00:00,0,0,
high,reddit,legaladvice,/u/wtpbmx241,I got into a car accident. Insurance lapsed.,"<!-- SC_OFF --><div class=""md""><p>Location: California </p> <p>I got into a car accident on December 31st. 2025 a hour before new year. My car hydroplated when i was slowing down at a red light. This happened going at 5 to 7 mph. I try turning right and I clipped this guy's rear bumper. We pulled over and exchanged information. I asked him if he needs a ambulance or to call the police. He said he is fine. I called my insurance on friday to report the incident. I find out my insurance was lapsed.",https://www.reddit.com/r/legaladvice/comments/1qcerwm/i_got_into_a_car_accident_insurance_lapsed/,personal injury,,,2026-01-14T05:20:06+00:00,0,0,
high,reddit,legaladvice,/u/aclh_,Can I pursue litigation?,"<!-- SC_OFF --><div class=""md""><p>Beginning in October 2025, I began having some medical issues that caused me to call out or leave early from work several times over the course of a couple months to go to urgent care or the ER. It was an ongoing issue that was being treated for a couple of months. Fast forward December, I had an injury at work. I went to two different urgent cares who turned me away due to the company we use for work comp, and ended up just going to the ER. Got treated and went",https://www.reddit.com/r/legaladvice/comments/1qc1rb3/can_i_pursue_litigation/,personal injury,,,2026-01-13T20:05:55+00:00,0,0,
high,reddit,legaladvice,/u/gentle_hygienist,Is it worth getting a lawyer for my auto accident?,"<!-- SC_OFF --><div class=""md""><p>Location: Washington State. I was recently involved in an auto accident. I was stopped at a red light and was rear ended by a distracted driver. The police were called out to the scene to help exchange information, so I do have an official police report. The other drivers insurance admitted fault and did already pay for vehicle damage damages. I had to open a medical claim under my auto insurance, under the “personal injury protection,” so I could seek care. I a",https://www.reddit.com/r/legaladvice/comments/1qaxs9p/is_it_worth_getting_a_lawyer_for_my_auto_accident/,personal injury,,,2026-01-12T15:25:34+00:00,0,0,
high,reddit,legaladvice,/u/Repulsive-Ad7450,Car accident advice,"<!-- SC_OFF --><div class=""md""><p>Location: Canada</p> <p>I'm looking for some general advice. I was in a car accident on Nov. 26th, and my car has been deemed a total loss.</p> <p>To start, the car who hit mine hit another the same not. He also went up an offramp. They could not verify the driver, but it is being handled with the owners insurance. </p> <p>Basically, he just completely sideswiped me. I was lucky, because he was going around 100 km/h, and the other person he hit followed him whic",https://www.reddit.com/r/legaladvice/comments/1q9k509/car_accident_advice/,personal injury,,,2026-01-11T00:09:06+00:00,0,0,
high,reddit,AskLawyers,/u/Additional-Citron117,Organizations for Business Development,"<!-- SC_OFF --><div class=""md""><p>What organizations/groups have you joined that have led to good referral sources and/or been really helpful for business development? I'm open to <em>any</em> organization whether its lawyer-related or not. </p> <p>I'm a PI lawyer and I find the &quot;trial lawyer&quot; (personal injury) events and organizations are just a giant feeding frenzy. The local bar organizations aren't much better -- tons of PI guys are always there. </p> <p>I am active with criminal l",https://www.reddit.com/r/AskLawyers/comments/1q6vye4/organizations_for_business_development/,injury attorney,,,2026-01-07T23:52:28+00:00,0,0,
high,reddit,AskLawyers,/u/ratsummoner,My job position keeps changing,"<!-- SC_OFF --><div class=""md""><p>Hello, 24F in Orange County, California, USA</p> <p>I work at a legal dispensary, and was officially made a back of house employee in 2024, originally as dispatch and not long after as a standard fulfillment employee (I applied internally, interviewed and was accepted- I openly made it clear it was due to my hatred of the dispatch position) . I am technically still fulfillment, but due to a non-work related injury I had to have my position changed as I was not a",https://www.reddit.com/r/AskLawyers/comments/1q5dy7t/my_job_position_keeps_changing/,injury attorney,,,2026-01-06T09:21:40+00:00,0,0,
high,reddit,AskLawyers,/u/Decent-Signal-4076,Question,"<!-- SC_OFF --><div class=""md""><p>I’m a 21-year-old female who was in a car accident right around Christmas. A guy hit a truck, which then hit another truck, which ended up hitting my car. My car was completely totaled. It was older, so I already know insurance probably won’t give me much for it.</p> <p>Since the accident, I’ve had ongoing neck and back pain. I work in dentistry, which definitely doesn’t help because of the posture and physical strain. I hired an attorney since I was not at faul",https://www.reddit.com/r/AskLawyers/comments/1pzjps3/question/,injury attorney,,,2025-12-30T14:37:29+00:00,0,0,
high,reddit,AskLawyers,/u/BroganMaehle,"searching for an experienced workers comp attorney illinois, my boss is fighting my claim.","<!-- SC_OFF --><div class=""md""><p>i hurt my back at work in a warehouse outside chicago six weeks ago lifting a heavy pallet. i reported it right away and went to the company doctor. i have a herniated disc and my doctor says i can't go back to my regular job. i filed a workers comp claim but my employer is now disputing it saying my injury wasn't &quot;work-related.&quot; they stopped my benefits last week. i'm scared and don't know what to do.</p> <p>i live in illinois and i know i need a lawy",https://www.reddit.com/r/AskLawyers/comments/1pu3sjo/searching_for_an_experienced_workers_comp/,injury attorney,,,2025-12-23T20:10:51+00:00,0,0,
high,reddit,AskLawyers,/u/moseleyde,What would you do?,"<!-- SC_OFF --><div class=""md""><p>I am seeking support and legal representation regarding an injury and discrimination that I am facing. I am a student and alumni at the University of Oklahoma, a member of the Choctaw Nation, and a Christian.</p> <p>I was exposed to toxic black mold in my home in 2023, and I had pre-existing autoimmune and allergy diagnoses. I became so severely ill that I was unable to work or function. Due to brain inflammation and underlying allergic reaction, I was unable to",https://www.reddit.com/r/AskLawyers/comments/1pkrhvh/what_would_you_do/,injury attorney,,(405) 694-1964,2025-12-12T13:10:24+00:00,0,0,
high,reddit,AskLawyers,/u/ohmy1102,(TX) being sued not at fault,"<!-- SC_OFF --><div class=""md""><p>I was involved in an accident where I was in stand still traffic on a road that is 60 mph when I was rear ended by someone in a space ship of an SUV assuming going the max speed as my small car was totaled. After hitting me my small car launched forwarded and of course hit the car that was in front of me due to the impact I received. Mind you this car in front of me was a massive SUV as well so I got ping ponged.</p> <p>I was deemed not at fault by the trooper. ",https://www.reddit.com/r/AskLawyers/comments/1pjz3mb/tx_being_sued_not_at_fault/,injury attorney,,,2025-12-11T14:38:36+00:00,0,0,
high,reddit,AskLawyers,/u/Dry-Entrepreneur-226,The law firm I'm making my judgment payments to hasn't reported it to the courts and it's been gaining interest. Where do I start to fix this?!,"<!-- SC_OFF --><div class=""md""><p><em>TLDR AT THE BOTTOM</em></p> <p>Location: Raleigh NC</p> <p>In 2014 at the most rock bottom point of my life I had a horrible car accident that also wiped out a tractor and a truck. No injuries 🙏</p> <p>That ended up resulting in an approx. $20K judgement.</p> <p>I've sense been making payments directly to the law firm that settled the case for the other parties involved. At the time of the judgement, I had no personal legal aid and due to my mental state I c",https://www.reddit.com/r/AskLawyers/comments/1peccvc/the_law_firm_im_making_my_judgment_payments_to/,injury attorney,,,2025-12-04T21:26:39+00:00,0,0,
high,reddit,AskLawyers,/u/Cu7lik3th47,URGENT: Settlement Conference Monday 11/17 at 2:30 PM - No Lawyer Will Take My Case - Arizona Workers' Comp,"<!-- SC_OFF --><div class=""md""><p><strong>TL;DR:</strong> Catastrophic shoulder injury, employer committed wage fraud excluding 20-26% of income from tips, my disabilities prevented me from fighting it early on, now no lawyer will take the case because the fraudulent low wage makes it &quot;not worth it,&quot; their own doctor says I can't work but they claim no earning capacity loss, settlement conference is Monday.</p> <p>DISCLAIMER: I have an executive function disability that makes it hard t",https://www.reddit.com/r/AskLawyers/comments/1oxdw86/urgent_settlement_conference_monday_1117_at_230/,injury attorney,,,2025-11-15T00:48:24+00:00,0,0,
high,reddit,AskLawyers,/u/Jensthename2,Case-fixing? [OH] [6th Cir.],"<!-- SC_OFF --><div class=""md""><p>Hi I have a civil case where a judge has misstated the facts of the case to dismiss my lawsuit. The judge said I can’t have discovery on my case because I can use public records to get records and the opposing side is allowed to conduct discovery. The judge said I previously moved the court saying discovery was completed and I never did. The appeals court adopted the same conclusion. The appeals court said im not entitled to discovery on a personal injury case. ",https://www.reddit.com/r/AskLawyers/comments/1owk798/casefixing_oh_6th_cir/,injury attorney,,,2025-11-14T02:13:05+00:00,0,0,
high,reddit,AskLawyers,/u/Nearby-Mail4186,"Do attorneys who sue for wrongful death (mesothelioma) have to be in the state where the person died? Am I limited to IL or can I search outside of there? Also, can you switch from suing based on injury to wrongful death to avoid the statute of limitation onset of the case?","<!-- SC_OFF --><div class=""md""><p>Location: IL</p> <p>Location: NC</p> <p>My father died of lung cancer in IL and the autopsy proved that it was a very strong case for mesothelioma from factory work that he did.</p> <p>My brother filed a suit not understanding the difference between injury and death, and without reading the contract. I was my father's executor of his estate and legal power of attorney and poa for medical. I have disabilities myself and had not been able to be involved for quite ",https://www.reddit.com/r/AskLawyers/comments/1ot0v1b/do_attorneys_who_sue_for_wrongful_death/,injury attorney,,,2025-11-10T01:28:23+00:00,0,0,
high,reddit,AskLawyers,/u/four_letter_word_fee,Florida PI Case Question,"<!-- SC_OFF --><div class=""md""><p>Hello all! I was involved in rear-end collision around the end of March this year. My daughter and I were in the car at the time of the accident. She was taken via ambulance to the ER, treated and released. I was also treated in the ER 2 days after the accident once my PTSD/adrenalin calmed. Neither of us had serious injuries thankfully. We treated with the Chiropractor for four months, multiple sessions a week. Also did PT for 8 weeks with multiple sessions a w",https://www.reddit.com/r/AskLawyers/comments/1oegro5/florida_pi_case_question/,injury attorney,,,2025-10-23T22:10:24+00:00,0,0,
high,reddit,AskLawyers,/u/fygooooo,Is it normal for insurance to drag their feet on a personal injury claim?,"<!-- SC_OFF --><div class=""md""><p>I need some advice on my personal injury case. Long story short, I got rear-ended a couple of months ago, and at first, the insurance said it wasn’t my fault. But then, a few weeks later, they flipped and said I was at fault after the other driver hired an attorney. Now they’re talking about body injury claims and all this other stuff. Honestly, I’m a bit confused.</p> <p>I’ve been tracking all my medical stuff, and the neck pain's still bothering me. I went to ",https://www.reddit.com/r/AskLawyers/comments/1oblrms/is_it_normal_for_insurance_to_drag_their_feet_on/,injury attorney,,,2025-10-20T15:31:02+00:00,0,0,
high,reddit,AskLawyers,/u/SecurityExcellent711,Well Researched Questions for Legally Informed on U.S. Paragard IUD Federal Multidistrict Legislation Case,"<!-- SC_OFF --><div class=""md""><p>I am one of thousands of women in the U.S. who has been injured by the Paragard copper IUD, where the contraceptive device broke apart and embedded in my uterus/cervix during removal. Plaintiffs allege that Teva Pharmaceuticals / CooperSurgical made a defective contraceptive device and have failed to warn patients and physicians about the substantial risk of the device breaking upon removal/explant despite the IUD being marketed as safe to remove. At this stage,",https://www.reddit.com/r/AskLawyers/comments/1nz022s/well_researched_questions_for_legally_informed_on/,injury attorney,,,2025-10-05T21:03:19+00:00,0,0,
high,reddit,AskLawyers,/u/Just-GooogleIt,Do clients have a right to see the settlement statement before my lawyer pays medical providers?,"<!-- SC_OFF --><div class=""md""><p>Location: Texas Personal Injury case</p> <p>My (f47) boyfriend Jack (m46) was injured in a Texas car accident. He hired a PI attorney in TX. The insurance company agreed to pay policy limits ($30k).</p> <p>Here’s where things seem confusing:</p> <p>A medical provider billed about $6k+.</p> <p>The law firm paid that provider, in full with zero reductions before giving Jack a a settlement statement.</p> <p>We didn’t see the settlement breakdown until weeks later, ",https://www.reddit.com/r/AskLawyers/comments/1nvkehh/do_clients_have_a_right_to_see_the_settlement/,injury attorney,,,2025-10-01T21:00:33+00:00,0,0,
high,reddit,AskLawyers,/u/Z9_Kaneki,"Nevada, LV: driving with open container of alcohol Criminal Case","<!-- SC_OFF --><div class=""md""><p>Okay so about 2 months ago, I got into a car accident on my way to a high school band competition, as you could guess, didn’t make it. Car went over white solid lines into my lane at a ridiculously low speed (I was going about 65, she was going about 20 mph or less) when I was already like 2 cars in distance away, and I rear ended her (have a civil ticket for that as well) My girlfriend’s friends left an big buzzball under the passenger seat from the night befor",https://www.reddit.com/r/AskLawyers/comments/1qbizac/nevada_lv_driving_with_open_container_of_alcohol/,car accident lawyer,,,2026-01-13T05:27:14+00:00,0,0,
high,reddit,AskLawyers,/u/unknown476548,Rental Past Due Agreement (Virginia),"<!-- SC_OFF --><div class=""md""><p>Hello, I really need help and I’ll do my best to post here all the contextual information needed. In early September, I suffered a medical accident that left me on a temporary disability leave of absence. Dealing with my benefits insurance was a nightmare and it took a little over 3 months to approve and payout my benefits. Therefore, I could not pay my rent for 3 months. Thankfully, my benefits were approved and I paid all the remaining rent to my landlord, whi",https://www.reddit.com/r/AskLawyers/comments/1qaaosj/rental_past_due_agreement_virginia/,car accident lawyer,,,2026-01-11T20:51:38+00:00,0,0,
high,reddit,AskLawyers,/u/Current-Guitar-902,Hit-and-run and knowing who did it,"<!-- SC_OFF --><div class=""md""><p>I’m going to make this as short as possible, please bear with me. My car was hit back in December by a snow plow. Police were called and mentioned that the plow company alerted them of the accident. A police report was taken. Insurance later notified me that it was a total loss. </p> <p>It was struck within a private community where the HOA contracted the plow company that comes onto the street and plows the residents’ driveways. The police are aware of the land",https://www.reddit.com/r/AskLawyers/comments/1q9p0kq/hitandrun_and_knowing_who_did_it/,car accident lawyer,,,2026-01-11T03:48:08+00:00,0,0,
high,reddit,AskLawyers,/u/Frequent-Frosting702,Motor vehicle accident,"<!-- SC_OFF --><div class=""md""><p>Hello, I was in a motor vehicle accident. In Texas. I was not at fault and my vehicle was totaled. I suffered neck and back pain did not seek treatment at the time.. the accident</p> <p>it happened a month ago and I’m still having neck and back pain. I also sought therapy from the emotional trauma of the wreck. The insurance company pressured me into a recorded phone conversation with no information prior stating that they would offer me a settlement for $1500 t",https://www.reddit.com/r/AskLawyers/comments/1q651yj/motor_vehicle_accident/,car accident lawyer,,,2026-01-07T03:55:52+00:00,0,0,
high,reddit,AskLawyers,/u/es26284214,Car accident,"<!-- SC_OFF --><div class=""md""><p>Hey guys looking for some guidance here, I had an accident about two years ago, I’m now getting served by the same guy who I got into the accident two years ago, the insurance was under my dads name but I had an emergency to where I needed to use the car to get from point a to point b, now there demanding me to appear in superior court, my dad doesn’t have the car no insurance under That car anymore. From what I recall the guy was a Lyft driver, when said accide",https://www.reddit.com/r/AskLawyers/comments/1q30dzl/car_accident/,car accident lawyer,,,2026-01-03T17:25:32+00:00,0,0,
high,reddit,AskLawyers,/u/bipedalburd6,Injury on commercial property / settlement questions,"<!-- SC_OFF --><div class=""md""><p>Hi all,</p> <p>This happened in Kansas City, Kansas.</p> <p>Last spring I was injured on a commercial property and went to the ER. My left foot became swollen and it became very difficult to walk.</p> <p>Two years prior (summer 23), I had an accident where I broke part of the same foot, probably the same part, but it had since healed fully and I could walk on it just fine until the injury at the commercial property.</p> <p>After I obtained the injury in spring 2",https://www.reddit.com/r/AskLawyers/comments/1q0h6i5/injury_on_commercial_property_settlement_questions/,car accident lawyer,,,2025-12-31T16:34:27+00:00,0,0,
high,reddit,AskLawyers,/u/shiggymiggy1964,"Can’t file a writ of execution after winning lawsuit, because I don’t have the other guy’s address. What can I do to collect judgement?","<!-- SC_OFF --><div class=""md""><p>Located in Austin, TX USA. </p> <p>The situation is hard to explain over text, but essentially, April 2024 I was in a car accident. Other guy had some fake insurance that illegals have (I don’t wanna go into too much detail, but he was almost certainly an illegal). I didn’t have uninsured motorist coverage or collision/comprehensive, and the other guy was clearly at fault, so I filed a civil suit against him. </p> <p>Fast forward to April 2025, and the lawsuit t",https://www.reddit.com/r/AskLawyers/comments/1pzxlbr/cant_file_a_writ_of_execution_after_winning/,car accident lawyer,,,2025-12-30T23:44:51+00:00,0,0,
high,reddit,AskLawyers,/u/Tough-Leading-2014,need a good motorcycle accident lawyer in san diego,"<!-- SC_OFF --><div class=""md""><p>location: san diego</p> <p>i was in a motorcycle accident in san diego recently and i'm not sure how to proceed. i've been told i should get a lawyer who specializes in this. can anyone recommend a motorcycle accident lawyer san diego who they've had a good experience with? i'm looking for someone who is responsive and knows how to handle insurance companies effectively. any advice on what to ask during the first consultation would also be helpful.</p> </div><!-",https://www.reddit.com/r/AskLawyers/comments/1pxkc27/need_a_good_motorcycle_accident_lawyer_in_san/,car accident lawyer,,,2025-12-28T06:24:48+00:00,0,0,
high,reddit,AskLawyers,/u/GrapefruitLive1611,Please help: attorney won’t file for dismissal in a old OUI case and I’m confused where to go and what to do,"<!-- SC_OFF --><div class=""md""><p>My partner was in a car accident 20 years ago in Massachusetts. He crashed into a tree and nobody was injured. This was his first and only offense. He showed up to court 20 years ago and payed some fines. </p> <p>20 years later it turns out there was somehow an open warrant for his arrest for an OUI arrest. So he was arrested and now there is an on ongoing case. We have a lawyer but he’s not the most communicative at all. There have been three pretrial hearings ",https://www.reddit.com/r/AskLawyers/comments/1pufety/please_help_attorney_wont_file_for_dismissal_in_a/,car accident lawyer,,,2025-12-24T05:22:36+00:00,0,0,
high,reddit,AskLawyers,/u/soybean377,Car accident report (MA),"<!-- SC_OFF --><div class=""md""><p>My friend's son got into a car accident and claims that the other driver was at fault and left the scene. The son did not stay and wait for police either. His bumper is damaged and probably requires more than $500 worth of work. Should the son report the accident to the police given that he does not have the license plate number of the other driver? This took place in Massachusetts.</p> </div><!-- SC_ON --> &#32; submitted by &#32; <a href=""https://www.reddit.co",https://www.reddit.com/r/AskLawyers/comments/1prvelx/car_accident_report_ma/,car accident lawyer,,,2025-12-21T02:28:58+00:00,0,0,
high,reddit,AskLawyers,/u/NewToYou762,Accidents happen,"<!-- SC_OFF --><div class=""md""><p>I got into a problematic car accident. I fainted at the wheel early-ish in the morning (10am). Had plenty of sleep and wasn’t intoxicated. This was the second day in a row that this happened. But this accident was worse than the day before. Broke 6 ribs and don’t remember fainting or the accident at all in general, I only remember waking up and being taken away by the ambulance. Multiple brain scans were done and there was no conclusion even after telling them I",https://www.reddit.com/r/AskLawyers/comments/1pr4qbp/accidents_happen/,car accident lawyer,,,2025-12-20T03:47:53+00:00,0,0,
high,reddit,AskLawyers,/u/NegotiationSweaty7,Violated PBJ (Speeding ticket),"<!-- SC_OFF --><div class=""md""><p>Long story short, I was speeding back in May, got pulled over and it was my first offense (I was 18 at the time, record was clean. No like camera tickets or getting pulled over) so the officer told me about PBJ, I went to court, paid my fine and went on about my day. I knew I was on probation and knew the terms of my probation and was doing my best to successfully complete it. A few months after I got in a minor car accident where I rear ended another vehicle (W",https://www.reddit.com/r/AskLawyers/comments/1pqza3i/violated_pbj_speeding_ticket/,car accident lawyer,,,2025-12-19T23:23:07+00:00,0,0,
high,reddit,AskLawyers,/u/Mundane_Repair4131,Am I being unreasonable?,"<!-- SC_OFF --><div class=""md""><p>I hired a lawyer in August of 2024 for a personal injury claim. I’ve seen her one other time since our initial visit to sign documents. I only had 1 Dr appt and an er visit and no major injuries so we knew I wouldn’t get much which is fine. At first she was communicating with me keeping me updated. The beginning of 2025 she said she received everything as far as medical records and then Around July of 2025 she said she was sending the demand for payment and we s",https://www.reddit.com/r/AskLawyers/comments/1qe16g2/am_i_being_unreasonable/,personal injury,,,2026-01-16T00:37:54+00:00,0,0,
high,reddit,AskLawyers,/u/eloisekat,2 years and still waiting for the settlement check,"<!-- SC_OFF --><div class=""md""><p>I have a personal injury case in california that was settled back in January 2024 (the accident was back in 2019) and I still have not received the check. Every time I email my lawyer’s office they always say they are working on verifying the liens. Is 2 years still a reasonable time? Any advice on what I need to do(or say to my lawyer) to speed things up? It has been moving so slow and I just want to close this chapter in my life completely. </p> </div><!-- SC_",https://www.reddit.com/r/AskLawyers/comments/1pm7bbg/2_years_and_still_waiting_for_the_settlement_check/,personal injury,,,2025-12-14T06:28:53+00:00,0,0,
high,reddit,AskLawyers,/u/SealedRoute,California USA: how does personal injury work?,"<!-- SC_OFF --><div class=""md""><p>Our apartment building has very heavy fire doors without windows in them. My husband was taking out the garbage and opened the door outward. Apparently it hit one of the other tenants who was going to open the door on the other side and injured her finger. Unfortunately, she got irate and he didn’t want to engage with her because of that, but it was obviously an accident. We don’t know if it’s a sprain or a bruise or something more serious. </p> <p>She was yelli",https://www.reddit.com/r/AskLawyers/comments/1pijios/california_usa_how_does_personal_injury_work/,personal injury,,,2025-12-09T21:16:01+00:00,0,0,
high,reddit,AskLawyers,/u/SuperWomanSuperLawyr,AMA Personal Injury Lawyer: Rideshare Accidents,"<!-- SC_OFF --><div class=""md""><p>I'm a personal injury lawyer, AMA about car accidents involving an Uber, Lyft, Waymo, or other car driving service. Or if you have other questions related to personal injury, feel free to reply in the thread!</p> </div><!-- SC_ON --> &#32; submitted by &#32; <a href=""https://www.reddit.com/user/SuperWomanSuperLawyr""> /u/SuperWomanSuperLawyr </a> <br /> <span><a href=""https://www.reddit.com/r/AskLawyers/comments/1p1l7q6/ama_personal_injury_lawyer_rideshare_accide",https://www.reddit.com/r/AskLawyers/comments/1p1l7q6/ama_personal_injury_lawyer_rideshare_accidents/,personal injury,,,2025-11-19T21:57:50+00:00,0,0,
high,reddit,AskLawyers,/u/Leedeegan1,Is it worth getting a personal injury lawyer if the insurance has already made an offer?,"<!-- SC_OFF --><div class=""md""><p>A few months ago, I slipped and fell at a grocery store in Florida after someone spilled liquid in an aisle that wasn't marked. I injured my knee and wrist and have been doing physical therapy since then. The store's insurance company already made me an offer, but I don't know if it covers my medical costs and time off work. A friend suggested I talk to a lawyer before signing anything, so I looked online and found <a href=""https://www.fklegal.com/"">Frankl Komin",https://www.reddit.com/r/AskLawyers/comments/1ovxbfj/is_it_worth_getting_a_personal_injury_lawyer_if/,personal injury,,,2025-11-13T10:06:31+00:00,0,0,
high,reddit,AskLawyers,/u/PressureNo2592,Looking for recommendations on a personal injury lawyer,"<!-- SC_OFF --><div class=""md""><p>Location: Houston, Texas </p> <p>I am looking for a lawyer that can help with a daycare incident. </p> </div><!-- SC_ON --> &#32; submitted by &#32; <a href=""https://www.reddit.com/user/PressureNo2592""> /u/PressureNo2592 </a> <br /> <span><a href=""https://www.reddit.com/r/AskLawyers/comments/1oq3fgc/looking_for_recommendations_on_a_personal_injury/"">[link]</a></span> &#32; <span><a href=""https://www.reddit.com/r/AskLawyers/comments/1oq3fgc/looking_for_recommenda",https://www.reddit.com/r/AskLawyers/comments/1oq3fgc/looking_for_recommendations_on_a_personal_injury/,personal injury,,,2025-11-06T16:24:26+00:00,0,0,
high,reddit,AskLawyers,/u/Wrathless,Lawsuits and health insurance,"<!-- SC_OFF --><div class=""md""><p>Located in Oregon but not asking about a specific state. For those of you who work in personal injury or ajacent fields, what percent of lawsuits do you think only happen because the plantifs need money to cover medical bills? Do you think there would be significantly less lawsuits of this type if we had universal health care?</p> </div><!-- SC_ON --> &#32; submitted by &#32; <a href=""https://www.reddit.com/user/Wrathless""> /u/Wrathless </a> <br /> <span><a href",https://www.reddit.com/r/AskLawyers/comments/1onhnap/lawsuits_and_health_insurance/,personal injury,,,2025-11-03T17:14:58+00:00,0,0,
high,reddit,AskLawyers,/u/Upper_Conference_967,Worth getting personal injury lawyer?,"<!-- SC_OFF --><div class=""md""><p>I am 35 F, fit, athletic, with normal bone density. I’ve never broken a bone in my body.</p> <p>I got a pair of wedges and was walking fast at my corporate office and my foot went off balance i fractured a bone in my left foot. I was in a boot for 16 weeks. A few months later I wore them again, and the exact same injury happened on my right foot…and it was the exact same way. Even my podiatrist was shocked. I wore the shoes twice in total and it’s the only time ",https://www.reddit.com/r/AskLawyers/comments/1olvw6y/worth_getting_personal_injury_lawyer/,personal injury,,,2025-11-01T18:57:13+00:00,0,0,
high,reddit,AskLawyers,/u/Accurate_Conclusion1,Personal Injury in Texas,"<!-- SC_OFF --><div class=""md""><p>I was involved in a auto accident where the order drive was at fault. I had had back surgery 3 months prior and was doing great. The accident fractured my spine and I have to have at least 2 surgeries. The attorney said the other drive only has $100,000 limit. After his fee and the medical bills the 100k will be exhausted. I lost 30k on my vehicle because it was totalled not to mention the lost income from work. It doesn't seem right that I am left with nothing ",https://www.reddit.com/r/AskLawyers/comments/1oj126b/personal_injury_in_texas/,personal injury,,,2025-10-29T10:38:58+00:00,0,0,
high,reddit,AskLawyers,/u/Existing_Baker_2042,Will/Trust documents not filed properly/missing,"<!-- SC_OFF --><div class=""md""><p>TLDR sorry I dont know all the details yet: My step grandpa disolved my gradmas trust she had set up for her grandkids and some of the documents needed were not filed properly or at all (still trying to find out all the details)</p> <p>This is all early stages I am just trying to get an idea if something like this is even worth fighting for. We hare currently looking for lawyers to take a look at what we have but I figure posting on here is free and ANY informat",https://www.reddit.com/r/AskLawyers/comments/1qeht9i/willtrust_documents_not_filed_properlymissing/,need lawyer,,,2026-01-16T14:44:12+00:00,0,0,
high,reddit,AskLawyers,/u/OddAntelope1951,VT / PA property transfer between family members. What is the best way to move forward?,"<!-- SC_OFF --><div class=""md""><p>My father and I both live in PA. He has a property in VT that he purchased for $100k some years back that he wishes to give to me ASAP. My questions are:</p> <ol> <li>Is there a way for him to gift the property in a way that would protect it more than a Quit Claim deed would in case he ever gets sued or has to declare bankruptcy?</li> <li>Is there any method for him to transfer the property to me that shortens the Medicaid lookback window of 60 months / wouldn't",https://www.reddit.com/r/AskLawyers/comments/1qc031k/vt_pa_property_transfer_between_family_members/,need lawyer,,,2026-01-13T19:05:20+00:00,0,0,
high,reddit,insurance,/u/Icy-Chemistry9907,How screwed am I? At-fault driver gave me wrong insurance info and no license plate #,"<!-- SC_OFF --><div class=""md""><p>I live in California and got T-boned by a driver who ran a red light last December. Luckily was able to make it without any major injuries.</p> <p>However, I was in a daze and failed to take his contact info. I thought I took a picture of his license plate, but later realized that it was a temporary license plate that got shredded in the accident and completely unreadable. The insurance card he gave me didn’t have the vehicle that crashed into me listed on the p",https://www.reddit.com/r/Insurance/comments/1qblchh/how_screwed_am_i_atfault_driver_gave_me_wrong/,injury attorney,,,2026-01-13T07:44:35+00:00,0,0,
high,reddit,insurance,/u/Shapeshifting_Cereal,Medical Claim to a Surety Bond policy in PA after an accident,"<!-- SC_OFF --><div class=""md""><p>My wife and I were in an accident on 12/19 where a tractor-trailer merged into our car. We are extremely lucky that no injuries were severe enough to require immediate emergency care. Per the police officer and following report, the other driver accepted fault and received a citation. We filed a claim with our own insurance, and the payment for the vehicle was processed to our satisfaction. Where I need advice is particularly with the medical side.</p> <p>My wif",https://www.reddit.com/r/Insurance/comments/1qb0i56/medical_claim_to_a_surety_bond_policy_in_pa_after/,injury attorney,,,2026-01-12T17:04:10+00:00,0,0,
high,reddit,insurance,/u/vinopecorinoromano,Can State Farm delay collision repairs during a liability investigation?,"<!-- SC_OFF --><div class=""md""><p>I was in a 3-car accident in California. One driver hired an attorney right away and is disputing fault and claiming injuries.</p> <p>State Farm is my insurer. The claim was sent to their Special Investigation Unit for disputed liability. I’ve given a recorded statement and provided all evidence. </p> <p>They’ve now sent two 30-day “investigation ongoing” letters with no clear timeline.</p> <p>My car is at a body shop, but State Farm hasn’t authorized repairs, e",https://www.reddit.com/r/Insurance/comments/1qahwle/can_state_farm_delay_collision_repairs_during_a/,injury attorney,,,2026-01-12T01:48:59+00:00,0,0,
high,reddit,insurance,/u/NoScarcity9463,Bodily injury car accident claim NY,"<!-- SC_OFF --><div class=""md""><p>I was involved in a three car rear end accident on the highway where the other parties insurance company accepted 100% fault in November of 2024. I finally just wrapped up treating my injuries. I really was not looking to get an attorney involved it was not a major accident but i was hurt. I went to the emergency room and i was 33 weeks pregnant at the time. I have been treating for a little over a year and finally feel normal again. After the accident i went to",https://www.reddit.com/r/Insurance/comments/1q7qf8z/bodily_injury_car_accident_claim_ny/,injury attorney,,,2026-01-08T22:36:11+00:00,0,0,
high,reddit,insurance,/u/Serendipity_Inn,Need some guidance,"<!-- SC_OFF --><div class=""md""><p>Recent motorcycle accident location: Southern California Orange County</p> <p>So sadly on December 22nd I was in a pretty nasty accident. A woman decided to make a last minute right turn from the middle lane and I collided into her. Bike was totaled and I had to go to the hospital for blunt force trauma to the chest and stomach. Thankfully nothing was broken but I suspect I will need physical therapy for awhile. Now im just struggling slightly with how it all wo",https://www.reddit.com/r/Insurance/comments/1q5c9ai/need_some_guidance/,injury attorney,,,2026-01-06T07:34:35+00:00,0,0,
high,reddit,insurance,/u/RecordsAndAuras,Advice needed: should I be concerned about an attorney delay in an auto accident personal injury claim,"<!-- SC_OFF --><div class=""md""><p>My partner was in a multi-vehicle (4 cars total) accident and was not at fault. He was injured, and so were multiple other drivers and passengers who are also not at fault. </p> <p>The at-fault driver’s insurance has accepted responsibility, and we’re dealing with the auto claim (vehicle totaled) now, but we also have a bodily injury claim in progress. The only problem that is our lawyer, who is a trusted friend, is out of the country and unavailable for at leas",https://www.reddit.com/r/Insurance/comments/1pzvwki/advice_needed_should_i_be_concerned_about_an/,injury attorney,,,2025-12-30T22:34:14+00:00,0,0,
high,reddit,insurance,/u/SnooCapers1692,Delayed treatment PIP claim,"<!-- SC_OFF --><div class=""md""><p>I was in my first car accident Sept 2024. My SUV had an uncontrolled acceleration that didn't stop until I hit a sprinter van. No one cared about the uncontrolled acceleration (it's a known but not widespread issue for my truck) and I was deemed at fault. The sprinter driver said she was fine. A few months ago I was given notice that she was filing a PIP claim for low back and hip pain. I just got the formal documents this week from my insurance (GEICO).</p> <p>",https://www.reddit.com/r/Insurance/comments/1pwiqk2/delayed_treatment_pip_claim/,injury attorney,,,2025-12-26T23:46:19+00:00,0,0,
high,reddit,insurance,/u/Phantasmkal,"Got rear ended while in motion, both cars totaled. Should I drop my Personal Injury Attorney?","<!-- SC_OFF --><div class=""md""><p>Hi, as from the title I (24m) currently have a personal injury attorney on retainer at the moment.</p> <p>For some context regarding the accident (12/20), I was traveling at 60-65mph and was rear ended. This caused me to swerve, skid, but thankfully I was able to recover and pull over. The driver at fault pulled over as well.<br /> A police report was completed, the other driver admitted fault &amp; claimed to have an active insurance policy. The officers on the",https://www.reddit.com/r/Insurance/comments/1puw8je/got_rear_ended_while_in_motion_both_cars_totaled/,injury attorney,,,2025-12-24T20:12:16+00:00,0,0,
high,reddit,insurance,/u/elgringopapito,"Pain and Suffering for ligament laxity, whiplash, concussion, soft tissue damage","<!-- SC_OFF --><div class=""md""><p>I was in an accident a month ago during which I received the injuries mentioned in the title . I’ve been in pain and had dizziness for 30 days , and in treatment (electroshock / chiropractor) for two weeks . After x rays the doctor said I have a neck vertebrae out of alignment due to ligament laxity . I continue to have pain in my neck and lower back and anxiety while driving. I can’t get MRIs or see a neurologist without an attorney . I can’t get an attorney un",https://www.reddit.com/r/Insurance/comments/1ptbbxm/pain_and_suffering_for_ligament_laxity_whiplash/,injury attorney,,,2025-12-22T21:20:44+00:00,0,0,
high,reddit,insurance,/u/LateforSupper365,Out of state accident in traditional tort state,"<!-- SC_OFF --><div class=""md""><p>I was involved in an automobile accident while traveling out of state. While driving on a two lane state highway, an oncoming driver veered into my lane and struck my vehicle head on. The airbags deployed and I suffered a concussion and numerous soft tissue injuries. I was taken into an ambulance and by the time I was released, both vehicles had been towed from the scene and I have no idea who the other driver was.</p> <p>Now, TEN DAYS LATER, my insurance compan",https://www.reddit.com/r/Insurance/comments/1pok0sr/out_of_state_accident_in_traditional_tort_state/,injury attorney,,,2025-12-17T01:43:28+00:00,0,0,
high,reddit,insurance,/u/Satflt7,Other driver demand letter exceeding policy limits?,"<!-- SC_OFF --><div class=""md""><p>My boyfriend drove my car last year, missed a stop sign on a residential street and hit another car. They spoke to police and drove away on their own. Their car was later deemed totaled as was mine. Now, I get a letter from geico saying they’ll try to settle within my coverage but I may need to hire an attorney. The other driver went to the hospital and has traumatic brain injury. My coverage was 300,000 for bodily harm. They’re asking close to 500,000. Am I scr",https://www.reddit.com/r/Insurance/comments/1pkj5a9/other_driver_demand_letter_exceeding_policy_limits/,injury attorney,,,2025-12-12T04:47:31+00:00,0,0,
high,reddit,insurance,/u/Important-Notice-305,"Insurance adjusters: Is a $1,000 offer standard for minor injury claims in New York?","<!-- SC_OFF --><div class=""md""><p>Location: NYC.</p> <p>Looking for insight from people familiar with insurance claims.</p> <p>Accident happened in New York. Minor injury — no fractures, just short-term soft-tissue pain. </p> <p>I got injured in a minor car accident in Manhattan. I went to the ER, got X-rays and CT scans, and was diagnosed with soft-tissue injuries (neck and back strain). No fractures.</p> <p>I had pain for several days and needed medical treatment afterwards, and the total medi",https://www.reddit.com/r/Insurance/comments/1pjy28y/insurance_adjusters_is_a_1000_offer_standard_for/,injury attorney,,,2025-12-11T13:53:43+00:00,0,0,
high,reddit,insurance,/u/PuntasticPontifier,I was told *by my insurance adjuster* that I might have a bad faith claim against my insurer.,"<!-- SC_OFF --><div class=""md""><p><strong>Edit: To those who gave thoughtful answers and explained and clarified the issues, thank you. I always thought any successful action would be a long shot. To those who gave insulting or demeaning answers... I hope you have a better day.</strong></p> <p>I was involved in an accident in February. I live on a corner lot. I was making a <del>right</del> *left* (thank you <a href=""https://www.reddit.com/u/Solid_Definition4611"">u/Solid_Definition4611</a>) at n",https://www.reddit.com/r/Insurance/comments/1pjorqb/i_was_told_by_my_insurance_adjuster_that_i_might/,injury attorney,,,2025-12-11T04:45:21+00:00,0,0,
high,reddit,insurance,/u/MelodicCarob7492,"Out-of-country driver caused accident - insurance issues (California, Progressive)","<!-- SC_OFF --><div class=""md""><p>My wife was in a car accident in California with a driver who is from out of the country. The other driver was driving a rental car.</p> <p>She was on the freeway when the other driver merged into her from the left over a solid white line. It looked like they were trying to get onto the 110 North instead of continuing toward the 10 North from the 101.</p> <p>No injuries. We just want to get the car fixed.</p> <p>A police report was filed at the scene.</p> <p>Her",https://www.reddit.com/r/Insurance/comments/1pdh4nm/outofcountry_driver_caused_accident_insurance/,injury attorney,,,2025-12-03T21:30:55+00:00,0,0,
high,reddit,insurance,/u/serswizzle,Car claim help,"<!-- SC_OFF --><div class=""md""><p>Hi, I need some advice because this is my first time having something like this happen to me and I’m unsure on how to navigate it. I’m 19 and under my mom’s insurance and 2 weeks ago I got into an accident on the highway. I was on the right lane when a merge opened up and a car to my right in the merge started speeding past a bunch of cars, and the merge was about to end. They sped right up next to me and started to merge where I was and I almost got hit. The pr",https://www.reddit.com/r/Insurance/comments/1p63626/car_claim_help/,injury attorney,,,2025-11-25T04:27:44+00:00,0,0,
high,reddit,insurance,/u/llamaanxiety,Damage exceeding coverage,"<!-- SC_OFF --><div class=""md""><p>Well, this is not awesome for my anxiety. Got a letter today saying. Sub 20 mph rear end (my fault. My water bottle had fallen and rolled under my pedals and I couldn't hit the break. In hind sight, I should have pulled the e break). A lot of mistakes i won't make again. Freaking tf out here a bit.</p> <p>&quot;November 13, 2025 Dear LlamaAnxiety</p> <p>I've learned that one or more parties have damages from the accident on October 28, 2025. Unfortunately, the v",https://www.reddit.com/r/Insurance/comments/1p6328j/damage_exceeding_coverage/,injury attorney,,,2025-11-25T04:21:54+00:00,0,0,
high,reddit,insurance,/u/Tirz_epatide_OfJoy,Help me not get screwed please,"<!-- SC_OFF --><div class=""md""><p>2022 Hyundai Tucson, SEL, 77K miles, South Carolina - I owe $19k left - two accidents in under a year, and insurance is refusing to measure true value of the vehicle. </p> <p>First accident was December of last year, in the shop from January-June of this year - $13,000 in repairs</p> <p>Second accident in June, $14,000 in repairs. </p> <p>Seeking diminished value from the first accident currently, but problem (in my head) is from accident 2. </p> <p>Accident 2 h",https://www.reddit.com/r/Insurance/comments/1p2cjsy/help_me_not_get_screwed_please/,injury attorney,,,2025-11-20T19:29:06+00:00,0,0,
high,reddit,insurance,/u/unemploymentthrow129,Uninsured car accident,"<!-- SC_OFF --><div class=""md""><p>Uninsured car accident</p> <p>I’m in Illinois. I was driving my wife’s car with permission and got into an accident.</p> <p>We recently pulled the declarations page and learned I was listed as an excluded driver — we didn’t realize that when the policy was set up through a third-party agent.</p> <p>Now I’m trying to understand what this means legally and financially.</p> <p>The situation: – Other driver may or may not be insured (not clear yet). – She told my in",https://www.reddit.com/r/Insurance/comments/1ozz422/uninsured_car_accident/,injury attorney,,,2025-11-18T01:44:28+00:00,0,0,
high,reddit,insurance,/u/CastielMidnight,Car accident,"<!-- SC_OFF --><div class=""md""><p>Hey, so I recently got into a car accident and I was found not at fault. I guess I’m just trying to figure out. Is it worth it to pursue a personal injury attorney? Or is there a way that insurance can handle all of this? I have been having some ongoing back neck and arm pain since the accident. But I don’t know. I just don’t wanna get tied up in months long legal stuff. Is there a way to just have the insurance do all of this? I’ve never really been in an accid",https://www.reddit.com/r/Insurance/comments/1oz5kmh/car_accident/,injury attorney,,,2025-11-17T03:17:22+00:00,0,0,
high,reddit,insurance,/u/Macdaddyfucboi,Just settled for 50k policy limit with 51k in medical bills,"<!-- SC_OFF --><div class=""md""><p>We'll keep a very long story short, I was t-boned in May and taken by ambulance to the ER for back pain and concussion. Connected with a personal injury law group and they sent me to physical therapy, ended up getting tons of rehab, chiropractor was basically a scam, just had me on a treadmill and used a little clicker along my spine and sent me on my way. Did go to neurologists for my headaches and did get a spinal injection for my herniated disc. Got the call ",https://www.reddit.com/r/Insurance/comments/1otnqf1/just_settled_for_50k_policy_limit_with_51k_in/,injury attorney,,,2025-11-10T19:42:09+00:00,0,0,
high,reddit,insurance,/u/No-Abroad8331,Made whole doctrine,"<!-- SC_OFF --><div class=""md""><p>Last year I was involved in a motorcycle accident that left me with multiple lifelong injuries. The at fault party had a 10k bodily injury limit with no assets to pursue according to an attorney. I received a letter stating my health insurance wanted money from the settlement but am wondering if I would be able to use pain and suffering and the made whole doctrine to combat my health insurance’s claim to the money. Im in Florida if that helps. </p> </div><!-- SC",https://www.reddit.com/r/Insurance/comments/1oqbpjc/made_whole_doctrine/,injury attorney,,,2025-11-06T21:35:10+00:00,0,0,
high,reddit,insurance,/u/amyolsen185,Will insurance rates increase upon renewal?,"<!-- SC_OFF --><div class=""md""><p>So my 18 year old son was in a horrific accident last week, he was the victim and had 0% fault. A car who was going well over 90 mph on the opposite of the road lost control, jumped the median, went airborne, and hit right into the front of my son’s truck as he landed. The at fault driver died on impact and he had no car insurance. We have been dealing with our car insurance the uninsured motorist division i suppose. Anyway his truck is totaled. Comparable truck",https://www.reddit.com/r/Insurance/comments/1qgqy9z/will_insurance_rates_increase_upon_renewal/,car accident lawyer,,,2026-01-19T01:48:33+00:00,0,0,
high,reddit,insurance,/u/Loading_User7,gas station side swipe,"<!-- SC_OFF --><div class=""md""><p>I was backing out of my parking space and turned too much. I side swiped the car next to me. I couldnt see any damage on either vehicle but i still called the police and requested an accident report.</p> <p>The other driver told the cop they didnt see any damage and since they dont have car insurance they didnt want to go forward with the claim.</p> <p>Is this the way this was supposed to be handled? I have small accident forgiveness so I wasnt all to worried ab",https://www.reddit.com/r/Insurance/comments/1qgq4jf/gas_station_side_swipe/,car accident lawyer,,,2026-01-19T01:10:10+00:00,0,0,
high,reddit,insurance,/u/lotus_mitosis,Is this overkill?,"<!-- SC_OFF --><div class=""md""><p>I’m getting a 2020 Mazda3 and I obviously want good coverage for any accidents. I’ve never been in one. I only had not at fault minor collision. I live with parents so my only “asset” is my car.</p> <p><strong>Bodily Injury Liability (BI)</strong></p> <p>$250,000/$500,000</p> <p><strong>Property Damage Liability (PD)</strong></p> <p>$50,000</p> <p><strong>Medical Payments (MED)</strong></p> <p>$10,000</p> <p><strong>Uninsured Motorist BI</strong></p> <p>$250,000",https://www.reddit.com/r/Insurance/comments/1qgj07g/is_this_overkill/,car accident lawyer,,,2026-01-18T20:12:44+00:00,0,0,
high,reddit,insurance,/u/transredneck17,Good high risk auto insurance?,"<!-- SC_OFF --><div class=""md""><p>I'm trying to find a good high risk auto insurance but most places won't even give me a quote, mainly big name companies and some smaller companies like dairyland. I read that a independent insurance agent might be able to help me better but I was wondering if there is any truth to that? I'm located in WV, had 3 car accidents that was my fault(new nightshift worker and I will admit I was a bit stupid about it so save the nasty comments) but two hit and runs that",https://www.reddit.com/r/Insurance/comments/1qg30tv/good_high_risk_auto_insurance/,car accident lawyer,,,2026-01-18T08:16:18+00:00,0,0,
high,reddit,insurance,/u/gundam1983,At fault insurance company a pain to deal with and lowballed the repair estimate. Should I just go through my insurance?,"<!-- SC_OFF --><div class=""md""><p>Someone backed into my car and the driver immediately admitted fault. I submitted video proof of the accident to his insurance and waited for them to determine responsibility. After a month they still claimed that they cannot confirm responsibility, and after inquiring why, they ghosted me. </p> <p>I reached out to the at fault party and he said he's left multiple voicemails, but told me not to worry as he'll draft up a written statement admitting fault. The ins",https://www.reddit.com/r/Insurance/comments/1qfxq6f/at_fault_insurance_company_a_pain_to_deal_with/,car accident lawyer,,,2026-01-18T03:33:59+00:00,0,0,
high,reddit,insurance,/u/Parking-Golf-6693,Raising Premiums in a No-fault State?,"<!-- SC_OFF --><div class=""md""><p>I would like some advice on what to do. I live in Utah, which from what I understand is a no-fault state. On November 19, I got rear-ended on the interstate. It was a pretty straightforward accident, the other driver, Adam (not his real name) was apologetic and it was 100% his fault. No one was injured. A report was made with the Utah Highway Patrol.</p> <p>The next morning, I got 2 quotes from different body shops, and they both said it would be minimum $4,000,",https://www.reddit.com/r/Insurance/comments/1qftodu/raising_premiums_in_a_nofault_state/,car accident lawyer,,,2026-01-18T00:27:32+00:00,0,0,
high,reddit,insurance,/u/diamonhandss,Double Car Insurance Claim,"<!-- SC_OFF --><div class=""md""><p>I got it my first car accident today and it wad a doozy. 2013 Ford Fusion. It was a pretty low speed accident with a telephone pole due to icy conditions. Hit it head on and damaged the engine so it was not able to be moved.</p> <p>A cop responding to my call pulls up 20 minutes later, hits the same patch if ice that I did, and slams into me. Now I have 2 separate incidents to claim. I think the initial accident with the pole did substantially more damage, but I",https://www.reddit.com/r/Insurance/comments/1qfslws/double_car_insurance_claim/,car accident lawyer,,,2026-01-17T23:41:27+00:00,0,0,
high,reddit,insurance,/u/happilyeveremma,Do I need to report being rear ended to my insurance,"<!-- SC_OFF --><div class=""md""><p>I was rear ended this week and the damage is so minor that I was planning to just get the car fixed at a body shop myself. However, there is a police report for the accident, and I worry that if I don’t report it and then were to hypothetically get into another accident of the same nature, our insurance wouldn’t want to cover the damages because we didn’t report the first accident. </p> <p>Some additional info: </p> <p>- I was yielding to a pedestrian in a cross",https://www.reddit.com/r/Insurance/comments/1qfrdfj/do_i_need_to_report_being_rear_ended_to_my/,car accident lawyer,,,2026-01-17T22:49:35+00:00,0,0,
high,reddit,insurance,/u/Embarrassed-Carry507,Trexis Auto Insurance,"<!-- SC_OFF --><div class=""md""><p>I got into an accident on Wednesday heading home from school (17). The other lady I hit is at fault, she failed to yield and pulled out in front of me. She also didn’t have any drivers license on her when the sheriff asked. We already got the police report, and it states that she in fact is at fault, she didn’t have a license on her, and the sheriff that spoke to us that night told us she received multiple citations. She had a red Kia, while I had a ‘17 C300 my ",https://www.reddit.com/r/Insurance/comments/1qfr9aa/trexis_auto_insurance/,car accident lawyer,,,2026-01-17T22:44:43+00:00,0,0,
high,reddit,insurance,/u/GreedyPassion5307,Allstate Scam?,"<!-- SC_OFF --><div class=""md""><p>I got a call this morning from Allstate (I have Tesla insurance) asking about an investigation for an accident that involved my vehicle. Backstory: a few weeks ago I had been driving and a car behind me had gotten into an accident. I was merging onto a highway and went in between two semis, when I looked over to see if I could go around I saw in my side mirror there was a car swerving which ultimately led them to crash. I pulled over and called 911 and some othe",https://www.reddit.com/r/Insurance/comments/1qfq6qw/allstate_scam/,car accident lawyer,,,2026-01-17T22:00:22+00:00,0,0,
high,reddit,insurance,/u/DarkGamma1,Insurance claim for auto,"<!-- SC_OFF --><div class=""md""><p>Hello everyone, was hoping maybe someone thats been through this before can help. I have state farm, in Indiana. I was in a car accident where the other driver was at fault.</p> <p>My question is, my car was hit at the front right wheel and did some serious steering damage and im afraid the car will never be the same. Right front wheel all the way to right rear wheel is damaged. Waiting to hear back if the car will be repaired or totalled. The body shop said the",https://www.reddit.com/r/Insurance/comments/1qfmqhd/insurance_claim_for_auto/,car accident lawyer,,,2026-01-17T19:41:23+00:00,0,0,
high,reddit,insurance,/u/hadleyandfen,Car Insurance/Accident Advice,"<!-- SC_OFF --><div class=""md""><p>Hey all- writing on behalf of someone else! He was in an accident in September 2022- he had been at a complete stop at a red light. The light turned green, the car in front of him started to go, then slammed on her breaks, causing him to rear-end her. They pulled off into a parking lot, both drivers got out of the car and checked on each other/their cars. It was determined there was no damage on either car, the driver stated she was fine and that her son in the ",https://www.reddit.com/r/Insurance/comments/1qfm1dg/car_insuranceaccident_advice/,car accident lawyer,,,2026-01-17T19:13:56+00:00,0,0,
high,reddit,insurance,/u/Imaginary_Market6627,AmEx Rental Car Claim – No Primary Insurance / No Police Report,"<!-- SC_OFF --><div class=""md""><p>I’m an F-1 student with no personal auto insurance. Rented a car from Hertz for 7 days, waived LDW, and paid fully with an AmEx Blue Cash card.</p> <p>Accident happened due to icy/uneven road, car lost control and hit a log. No injuries or third-party damage. Authorities were contacted, but no police report was filed since none was required. Car was inoperable and towed to Las Vegas (~$1,300 towing).</p> <p>Hertz estimate is about $12,500 for a 2025 Nissan Versa",https://www.reddit.com/r/Insurance/comments/1qf7gkz/amex_rental_car_claim_no_primary_insurance_no/,car accident lawyer,,,2026-01-17T08:00:02+00:00,0,0,
high,reddit,insurance,/u/Embarrassed_City8498,Car accident person driving the car was not on the policy,"<!-- SC_OFF --><div class=""md""><p>So I was in a car accident on Tuesday. The person that hit me ran the red light and I got their information from the police that they had State Farm insurance however, when I finally got a hold of them today, they told me that they were investigating it because it did not look like the person was on that policy that was driving the car. So I called my insurance company progressive and I guess we’re gonna initially try to handle it through them while they do the ",https://www.reddit.com/r/Insurance/comments/1qf0e4j/car_accident_person_driving_the_car_was_not_on/,car accident lawyer,,,2026-01-17T02:16:00+00:00,0,0,
high,reddit,insurance,/u/Potential-Farm-5236,Can I open a car insurance policy if I don't own the car but live in the same household with the owner?,"<!-- SC_OFF --><div class=""md""><p>Ohio:</p> <p>Tldr; </p> <p>I dirve my mother's car, she is threatening to take me off the car insurance policy that I pay for and I do not have the means to get another car currently. Is it possible to open a new car insurance policy on a car that I do not own? Who would be legally/financially liable if I were to get in an accident while driving her car if uninsured, me or her?</p> <p>Hello, I live at home with my mother and she has not had a job since I graduat",https://www.reddit.com/r/Insurance/comments/1qexde5/can_i_open_a_car_insurance_policy_if_i_dont_own/,car accident lawyer,,,2026-01-17T00:19:47+00:00,0,0,
high,reddit,insurance,/u/EarthOk2418,What happens after being in an accident with a *possibly* uninsured motorist?,"<!-- SC_OFF --><div class=""md""><p>About a month ago I was rear-ended at a stoplight by someone who was texting &amp; driving. The accident was deemed 100% the other driver’s fault and was severe enough to knock me out and send me to the ER. Since I was taken away by the EMS, I did not have the other driver’s information so I opened a claim under my own insurance. Fast forward to today, and I found out that the other driver told the police that they did not have insurance. The driver claimed to h",https://www.reddit.com/r/Insurance/comments/1qevgft/what_happens_after_being_in_an_accident_with_a/,car accident lawyer,,,2026-01-16T23:11:08+00:00,0,0,
high,reddit,insurance,/u/Big-juicy-cock548,Rear ended someone driving my girls car (nyc),"<!-- SC_OFF --><div class=""md""><p>hey, I’m in NYC, which I know is a no fault state. I recently rear ended someone while driving my girls car. I was coming from a doctors appointment and homie stopped short, and I tapped his bumper. </p> <p>the driver had no visible scratches and same with my car. trouble is, it was a taxi, and the passenger is now claiming bodily injury. </p> <p>my girlfriend filed a claim on her insurance just cuz we were afraid about the passenger claiming something. The othe",https://www.reddit.com/r/Insurance/comments/1qeoeo1/rear_ended_someone_driving_my_girls_car_nyc/,personal injury,,,2026-01-16T18:42:58+00:00,0,0,
high,reddit,insurance,/u/Upbeat-Ad-2185,What should I change on this Kia Optima policy?,"<!-- SC_OFF --><div class=""md""><p>Here is my policy right now for a 2020 Kia Optima - I had a car stolen before and just bought this bc I needed a car asap. What should I change I’m not a car insurance guy?</p> <p>Bodily injury Limit per accident: $300,000 Limit per person: $100,000 Cost: $393.59 Property damage Limit per accident: $100,000 Cost: $227.08 Comprehensive Deductible: $0 Glass deductible: $0 Cost: $315.94 Collision Deductible: $500 Cost: $332.49 Emergency road service Cost: $5.82 Per",https://www.reddit.com/r/Insurance/comments/1qdspp0/what_should_i_change_on_this_kia_optima_policy/,personal injury,,,2026-01-15T19:10:50+00:00,0,0,
high,reddit,insurance,/u/Murky_Pen9603,How long does it usually take to receive settlement funds after the check clears?,"<!-- SC_OFF --><div class=""md""><p>I’m looking for general experiences and timelines, not legal advice.</p> <p>If a personal injury case is fully settled, releases are signed, and the insurer’s settlement check has already cleared the law firm’s trust account, how long does it typically take before funds are disbursed to the client?</p> <p>I understand lien resolution and accounting can add time, but in normal situations (no disputes, no new negotiations), what do people usually see: • Same week?",https://www.reddit.com/r/Insurance/comments/1qcl4ph/how_long_does_it_usually_take_to_receive/,personal injury,,,2026-01-14T11:41:35+00:00,0,0,
high,reddit,insurance,/u/littledogs11,At Fault Accident,"<!-- SC_OFF --><div class=""md""><p>I was in an at fault accident (guy was in my blind spot) and no one reported injuries at the scene. I just got a request to disclose my coverage limits and the person I hit is filing a bodily injury claim. My insurance office is closed until tomorrow so I can’t ask them but would like to sleep tonight. What does this mean? Am I being sued? Do I need a lawyer? I’ve never been at fault before and don’t know what to expect but am worried because the guy was livid a",https://www.reddit.com/r/Insurance/comments/1qbfpgx/at_fault_accident/,personal injury,,,2026-01-13T02:50:41+00:00,0,0,
high,reddit,insurance,/u/Awkward_Forever_6822,Auto Accident Injury - what to do next,"<!-- SC_OFF --><div class=""md""><p>I was in a accident in July, 2025. The other person did not stop at a stop sign and smashed into my front passenger fender/bumper. She was cited by the police for not stopping and found to be completely at fault by her own insurnace company. Initial ER visit found no fractures, but stated i had a sprained wrist and a shoulder injury that required me to follow up with my PCP. I saw my PCP 7 days later and they referred me to PT for a scapula injury noting noticab",https://www.reddit.com/r/Insurance/comments/1q93isl/auto_accident_injury_what_to_do_next/,personal injury,,,2026-01-10T13:02:59+00:00,0,0,
high,reddit,insurance,/u/heisenberg099,progressive auto insurance declaration page,"<!-- SC_OFF --><div class=""md""><p>so my total payment for 6 months breaks down to 6 categories liability to others $878; mandatory personal injury protection $647; additional personal injury protection $106; optional basic economic loss $67; supplementary uninsured/underinsured motorist $50; medical payments $7 = total $1755</p> <p>so when i purchased this insurance i asked for the minimum possible meaning liability only…is this what liability only coverage looks like or can i have something rem",https://www.reddit.com/r/Insurance/comments/1q4a1p0/progressive_auto_insurance_declaration_page/,personal injury,,,2026-01-05T02:58:14+00:00,0,0,
high,reddit,insurance,/u/Ok-Analysis-5357,Car got rear ended by semi-truck. What to do next?,"<!-- SC_OFF --><div class=""md""><p>Hi All,</p> <p>My car was rear-ended in a multi-vehicle collision that was started by a semi-truck. While I did not sustain any critical injuries and was cleared from urgent care, I continue to experience persistent neck and back pain consistent with whiplash. It has now been over one week since the accident, and my symptoms have not improved.</p> <p>The urgent care provider did not recommend physiotherapy or chiropractic care, but given my ongoing pain and limi",https://www.reddit.com/r/Insurance/comments/1q1te4s/car_got_rear_ended_by_semitruck_what_to_do_next/,personal injury,,,2026-01-02T08:31:45+00:00,0,0,
high,reddit,insurance,/u/Sea-Base-7645,Early injury settlement offered before bills — is waiting standard?,"<!-- SC_OFF --><div class=""md""><p>Looking for general guidance.</p> <p>We were in a not-at-fault accident (other driver cited for unlawful lane change; liability accepted by their insurance). Vehicle is drivable and repairs seem straightforward. We are getting estimates done after the new year.</p> <p>The injury side is where I’m unsure.</p> <p>Timeline:</p> <ul> <li>Accident Sunday 12/28 while traveling</li> <li>Initially everyone felt “okay,” soreness developed later</li> <li>Husband (adult): ",https://www.reddit.com/r/Insurance/comments/1q0pww7/early_injury_settlement_offered_before_bills_is/,personal injury,,,2025-12-31T23:09:08+00:00,0,0,
high,reddit,insurance,/u/RapidSparks,Do I have too much auto coverage,"<!-- SC_OFF --><div class=""md""><p>Hey all! I pay $205 a month for auto coverage. I am a late-20s male living in a major city in Texas. I bought my car in full. My policy covers the following:</p> <p><strong>Bodily Injury Liability</strong><br /> Covered up to <strong>$250,000/$500,000</strong></p> <p><strong>Property Damage Liability</strong><br /> Covered up to <strong>$100,000</strong></p> <p><strong>Vehicle</strong><br /> <strong>2022 TOYOTA CAMRY</strong></p> <p><strong>Comprehensive &amp; C",https://www.reddit.com/r/Insurance/comments/1q0pt1r/do_i_have_too_much_auto_coverage/,personal injury,,,2025-12-31T23:03:35+00:00,0,0,
high,reddit,insurance,/u/Harddisk7248223,Is my $3M umbrella insurance quote high for California?,"<!-- SC_OFF --><div class=""md""><p>Hi all, I’m trying to gauge whether my umbrella insurance quote is reasonable. Here are the details:</p> <ul> <li>$3 million per occurrence / $6 million aggregate</li> <li>Covers 4 people in the household: Person A ($3M assets), Person B ($3M), Person C ($2M), Person D ($0)</li> <li>2 vehicles, 4 drivers</li> <li>Person A owns 1 rental property</li> <li>Pets: 1 dog (10 years old)</li> <li>Coverage includes personal injury (defamation/libel/slander), temporary gu",https://www.reddit.com/r/Insurance/comments/1pyzlbw/is_my_3m_umbrella_insurance_quote_high_for/,personal injury,,,2025-12-29T22:01:12+00:00,0,0,
high,reddit,insurance,/u/CLEFW,"Hit + Run , How much to settle for ?","<!-- SC_OFF --><div class=""md""><p>On Christmas Day, I was leaving my family’s house and was involved in a hit-and-run accident. I was moving at about 2 mph, and the other vehicle was traveling around 40 mph. I was not at fault, and the other driver fled the scene.</p> <p>Key details:</p> <pre><code>• Police report was filed • Hit-and-run (no other driver to pursue) • Two toddlers were in the vehicle • I am four months pregnant • Initial evaluations were done, but ongoing care is needed </code></",https://www.reddit.com/r/Insurance/comments/1pwchn0/hit_run_how_much_to_settle_for/,personal injury,,,2025-12-26T19:20:09+00:00,0,0,
high,reddit,insurance,/u/Gotta-Let-Ye-Be-Ye,Can insurance company settle whole you are still get medical treatment ?,"<!-- SC_OFF --><div class=""md""><p>Long story short I was injured on my job by another driver that hit my vehicle I was in. I was the passenger. The other driver had insurance if I'm correct I lawyer up. I been out f work Doing physical therapy for 7 months no surgery needed but nerve pain. So is the settlement process </p> </div><!-- SC_ON --> &#32; submitted by &#32; <a href=""https://www.reddit.com/user/Gotta-Let-Ye-Be-Ye""> /u/Gotta-Let-Ye-Be-Ye </a> <br /> <span><a href=""https://www.reddit.com",https://www.reddit.com/r/Insurance/comments/1qev9z3/can_insurance_company_settle_whole_you_are_still/,need lawyer,,,2026-01-16T23:04:59+00:00,0,0,
high,reddit,insurance,/u/Frequent-Frosting702,Car accident not at fault,"<!-- SC_OFF --><div class=""md""><p>Hello, I was in a motor vehicle accident. In Texas. I was not at fault and my vehicle was totaled. I suffered neck and back pain did not seek treatment at the time.. the accident</p> <p>it happened a month ago and I’m still having neck and back pain. I also sought therapy from the emotional trauma of the wreck. The insurance company pressured me into a recorded phone conversation with no information prior stating that they would offer me a settlement for $1500 t",https://www.reddit.com/r/Insurance/comments/1q64yen/car_accident_not_at_fault/,need lawyer,,,2026-01-07T03:51:19+00:00,0,0,
high,reddit,insurance,/u/Dry_Try9669,Advice for reporting an auto accident late,"<!-- SC_OFF --><div class=""md""><p>I got into a car accident (I was at fault) in the middle of December. My toyota prius got pretty messed up, but is still drivable. The other car (big truck) appeared to be fine and just had a couple of paint scratches. We exchanged insurance info and numbers. </p> <p>Important to note that I recently moved to Minnesota and changed my plates the day before the crash (worst timing ever). At the time of a crash my insurance was still through my parents, who I used ",https://www.reddit.com/r/Insurance/comments/1q4659s/advice_for_reporting_an_auto_accident_late/,need lawyer,,,2026-01-05T00:08:45+00:00,0,0,
high,reddit,insurance,/u/ma_rach,My ex husband has refused to take me off his vehicle insurance,"<!-- SC_OFF --><div class=""md""><p>My ex and I are recently going through a divorce that hasn’t been finalized yet. I have a restraining order against him and therefore no contact between us. I have called the insurance company severally to take my name off his policy but they said he needs to sign the document for that which he has refused to. He was involved in an accident in Sept where he hit someone’s vehicle and now there’s a claim filed and the insurance company has been trying to reach him",https://www.reddit.com/r/Insurance/comments/1pzsoz1/my_ex_husband_has_refused_to_take_me_off_his/,need lawyer,,,2025-12-30T20:22:40+00:00,0,0,
high,reddit,insurance,/u/Pinkturtle182,Need advice after an accident,"<!-- SC_OFF --><div class=""md""><p>This is in Florida. On December 26, 2025, a woman turned right on red and hit my car as I crossed an intersection. My car spun, airbags deployed, and my car was totaled. Her car had some front bumper damage, but she was able to drive away from the accident after all was said and done. </p> <p>My partner and 3yo son were in my car, and I am pregnant. Not wanting to traumatize my toddler with an ambulance pickup, I had a nearby friend pick me up and drive me to th",https://www.reddit.com/r/Insurance/comments/1pyqxdz/need_advice_after_an_accident/,need lawyer,,,2025-12-29T16:36:50+00:00,0,0,
high,reddit,insurance,/u/Necessary_Panic3892,Michigan Auto Insurance and Filing an Injury Lawsuit- I don’t know what to do!,"<!-- SC_OFF --><div class=""md""><p>I am so lost, confused, and overwhelmed- I don’t know what to do and need help! I was in a car accident as a passenger a month ago where we were hit by some asshole zooming at us and they were listed as at fault by the cops (Michigan is a no fault state tho). I was injured and have picture and MRIs showing this and it has really messed me up and caused issues in my life so I want to go through with a lawyer and lawsuit for “pain and suffering”. </p> <p>However, ",https://www.reddit.com/r/Insurance/comments/1pq0pbq/michigan_auto_insurance_and_filing_an_injury/,need lawyer,,,2025-12-18T20:04:43+00:00,0,0,
high,reddit,insurance,/u/FlakyAstronomer473,GEICO giving me the run around about replacing car seat,"<!-- SC_OFF --><div class=""md""><p>To keep a short story long, back in July I was rear ended by a person who has GEICO. He did a hit and run, I followed with 911 on the line so entire encounter was recorded. My 2 yr old was in the vehicle in her car seat at the time of the accident. Police showed up, ended up arresting him. Career criminal, no license, out on parol etc etc. He was driving his 80 yr old mother’s vehicle. SHE is the Geico policy holder. Anyway, I filed through my insurance at the t",https://www.reddit.com/r/Insurance/comments/1pl1fwo/geico_giving_me_the_run_around_about_replacing/,need lawyer,,,2025-12-12T19:54:30+00:00,0,0,
high,reddit,insurance,/u/Mo_Yaar,Got into a car accident,"<!-- SC_OFF --><div class=""md""><p>Hi, I was recently in a car accident. A drunk driver side swiped me my right side door got damaged. He fled the scene but the police was called and later he came back. He was arrested and was taken. I got the police report and I called his insurance company but his insurance wasn’t active during the accident. Now what can I do? My insurance does not cover uninsured motorist accident. Do I need to sue him? Do I need a lawyer? What can I do in this situation? Any ",https://www.reddit.com/r/Insurance/comments/1pinfy2/got_into_a_car_accident/,need lawyer,,,2025-12-09T23:55:40+00:00,0,0,
high,reddit,insurance,/u/egogceo,Commercial Property fire,"<!-- SC_OFF --><div class=""md""><p>So long story short, an employee accidentally lit our place ablaze this weekend. Still in shock and processing all this. Based on initial estimates, we are looking at close to a seven figure loss on paper.</p> <p>Because I had an employee working on one of our trucks which started it, do I need an attorney? I’m meeting with my insurance agent and fire Marshall, I just don’t know what I should say or shouldn’t?</p> <p>It was a genuine accident, and no one was hur",https://www.reddit.com/r/Insurance/comments/1psrc6u/commercial_property_fire/,looking for attorney,,,2025-12-22T05:16:43+00:00,0,0,
high,reddit,insurance,/u/Ok-Pea-1194,Diminished Value Claim (CT),"<!-- SC_OFF --><div class=""md""><p>Looking for some guidance on a DV claim I’m dealing with.</p> <p>I was front ended earlier last year (not my fault). My 2018 Lexus RX had about $13,000 in repairs, all done at a Lexus-certified shop with OEM parts. The car looks great now, but I know the resale/trade-in value takes a hit because of the accident history.</p> <p>The insurance company just came back with a $2,100 diminished value offer.</p> <p>Attorney fee 35% </p> <p>Case against Liberty M</p> <p>",https://www.reddit.com/r/Insurance/comments/1ooiy80/diminished_value_claim_ct/,looking for attorney,,,2025-11-04T20:52:07+00:00,0,0,
high,reddit,insurance,/u/Santex117,Uninsured Accident,"<!-- SC_OFF --><div class=""md""><p>Yes, I’m fully aware of the liability I put myself in driving without insurance, and now I’ll be facing the consequences.</p> <p>I was recently in an accident (as of last night) with another driver, and I’m simply looking for good legal council for next steps. Does anyone have recommendations for a law firm or an attorney I could reach out too in the state of VA?</p> <p>As far as who is at fault, I’m not even sure though I’m inclined to say it was the other driv",https://www.reddit.com/r/Insurance/comments/1nhkiba/uninsured_accident/,looking for attorney,,,2025-09-15T12:30:29+00:00,0,0,
high,reddit,insurance,/u/Safe_Society570,Drunk driver hit parents/grandma in MI,"<!-- SC_OFF --><div class=""md""><p>Last week my dad was driving and drunk driver ran stop sign and hit them. My grandmother passed 2 days after from the injuries. My father and mother are both still in hospital. My dad has major brain injury and still in icu. Mother has bad fractured ankle that will require surgery and already had surgery on colon and 2 fractured vertebrae. I’ve done a bit of looking for an attorney but have a few questions. My parents have unlimited pip so that should cover all ",https://www.reddit.com/r/Insurance/comments/1mvkdm2/drunk_driver_hit_parentsgrandma_in_mi/,looking for attorney,,,2025-08-20T16:54:17+00:00,0,0,
high,reddit,caraccidents,/u/Icy-Chemistry9907,How screwed am I? At-fault driver gave me wrong insurance and no license plate #,"<!-- SC_OFF --><div class=""md""><p>I live in California and got T-boned by a driver who ran a red light last December. Luckily was able to make it without any major injuries.</p> <p>However, I was in a daze and failed to take his contact info. I thought I took a picture of his license plate, but later realized that it was a temporary license plate that got shredded in the accident and completely unreadable. The insurance card he gave me didn’t have the vehicle that crashed into me listed on the p",https://www.reddit.com/r/caraccidents/comments/1qbl3ip/how_screwed_am_i_atfault_driver_gave_me_wrong/,injury attorney,,,2026-01-13T07:28:50+00:00,0,0,
high,reddit,caraccidents,/u/EnoughConcentrate533,Car accident injury settlement,"<!-- SC_OFF --><div class=""md""><p>I was t-boned in an accident recently. Not at fault, other driver was ticketed at the scene. I suffered a concussion (in the wildest of ways, even the firefighters were shocked at this mechanism of injury. Regardless. It happened and once I settle I will come back and explain more). I want to leave out some details to protect my claim ATM. </p> <p>I also had lots of superficial lacerations to my face and mouth from glass. Black eye, initially suspected pelvic fr",https://www.reddit.com/r/caraccidents/comments/1q8pmdm/car_accident_injury_settlement/,injury attorney,,,2026-01-10T00:40:40+00:00,0,0,
high,reddit,caraccidents,/u/camollamilla,"Rollover accident – no major injuries. How common is this, and what is a realistic settlement?","<!-- SC_OFF --><div class=""md""><p>Hi everyone, I’m looking for perspectives from people who’ve been through something similar.</p> <p>A few weeks ago, my husband and I were involved in a high-energy rollover accident in California. Another driver fell asleep at the wheel at highway speed and hit us. Our vehicle (a camper van) was completely destroyed. We were taken by ambulance, had CT scans and ER evaluations, and were incredibly lucky to walk away without broken bones or major physical injurie",https://www.reddit.com/r/caraccidents/comments/1q5abw2/rollover_accident_no_major_injuries_how_common_is/,injury attorney,,,2026-01-06T05:44:17+00:00,0,0,
high,reddit,caraccidents,/u/Educational_Spell184,best personal injury attorneys in Southern California?,"&#32; submitted by &#32; <a href=""https://www.reddit.com/user/Educational_Spell184""> /u/Educational_Spell184 </a> <br /> <span><a href=""https://www.reddit.com/r/legaladvice/comments/1pwgh0t/best_personal_injury_attorneys_in_southern/"">[link]</a></span> &#32; <span><a href=""https://www.reddit.com/r/caraccidents/comments/1pwgi7b/best_personal_injury_attorneys_in_southern/"">[comments]</a></span>",https://www.reddit.com/r/caraccidents/comments/1pwgi7b/best_personal_injury_attorneys_in_southern/,injury attorney,,,2025-12-26T22:09:14+00:00,0,0,
high,reddit,caraccidents,/u/InFamus4,Total Loss Parking Lot Accidnent,"<!-- SC_OFF --><div class=""md""><p>Hey guys, needing some advice. A few weeks ago I was going 12 MPH in a parking lot, when a Honda Civic pulls through parked cars on my right and swerves right into me (probably 25-30 MPH). Airbags got deployed and my girlfriend and I got injured, however the Honda Civic barely got damaged and no airbags were deployed (police report stated other party is at fault). Per everyone I talked to, the other person hit my car at the right spot.</p> <p>We got a Personal I",https://www.reddit.com/r/caraccidents/comments/1pwehjc/total_loss_parking_lot_accidnent/,injury attorney,,,2025-12-26T20:43:31+00:00,0,0,
high,reddit,caraccidents,/u/MillennialMama82,"Settlement, we got Screwed.","<!-- SC_OFF --><div class=""md""><p>This is long, I apologize, but I'm needing to vent. I am sooooo over this car accident and cannot even process what my poor husband and our family are now having to deal with. We live in rural Texas, my husband was in a car accident this past April. He was zero at fault, he broke ribs, had 5 bulging discs and a torn rotator cuff.</p> <p>I don't know how it is nationally, but in the state of Texas, like 70% of drivers are under insured or not insured at all, its ",https://www.reddit.com/r/caraccidents/comments/1pnmybi/settlement_we_got_screwed/,injury attorney,,,2025-12-15T23:48:49+00:00,0,0,
high,reddit,caraccidents,/u/Realistic-Rope7333,Caruso Law Offices wins big with Academy of Truck Accident Attorneys,"<!-- SC_OFF --><div class=""md""><p>Mark Caruso with Caruso Law Offices is a member of the prestigious Academy of Truck Accident Attorneys (ATAA). The organization consists of personal injury attorneys who represent commercial motor vehicle accident victims. Mark has been a member since the organization's inception.</p> <p>Mark Caruso is a specialist in the Federal Motor Carrier Safety Regulations (FMCSR) which are the federal regulations over commercial motor vehicles. His knowledge of these regu",https://www.reddit.com/r/caraccidents/comments/1ozxbtm/caruso_law_offices_wins_big_with_academy_of_truck/,injury attorney,,,2025-11-18T00:24:17+00:00,0,0,
high,reddit,caraccidents,/u/Capable-Educator8200,What's a decent settlement offer,"<!-- SC_OFF --><div class=""md""><p>Just got into a accident I was parked in the middle lane to turn when the other driver failed to stop at the stop sign she totalled my car. She was is considered at fault and right now I'm talking to her insurance adjuster for the car and personal injury they have been the nicest and apologetic this whole time and now we are about to hear their settlement offer for the vehicle and personal injury soon what would be a decent offer . Side note I and my two kids wa",https://www.reddit.com/r/caraccidents/comments/1oep5p9/whats_a_decent_settlement_offer/,injury attorney,,,2025-10-24T05:07:15+00:00,0,0,
high,reddit,caraccidents,/u/Ok_Guava_3163,Almost done treating,"<!-- SC_OFF --><div class=""md""><p>Was in a car accident a year ago. Just had a bankart repair, partial bursectomy and anchors implanted in the left shoulder. Now getting injections in the right shoulder from over compensating for the left shoulder being out of wack. And I have a preexisting back injury from military service that's beyond aggravated after my shoulder surgery and not being able to sleep properly. I don't have an attorney as of yet. Should I hire one at this point. </p> </div><!-- ",https://www.reddit.com/r/caraccidents/comments/1o3g7y9/almost_done_treating/,injury attorney,,,2025-10-10T23:19:40+00:00,0,0,
high,reddit,caraccidents,/u/Delicious-Bee-6148,Advice,"<!-- SC_OFF --><div class=""md""><p>Our injury attorneys got an offer from the other side amounting to $15k for me and $26k for my mom (she got more injured hence more treatments). The amounts are still inclusive of the medical fees and legal fees they’ll deduct when we agree. Which I think in my case, I’ll only take home a third of that 15, more or less. </p> <p>We reside in LA, last year we were victims of a sideswipe car accident on the freeway and we rolled over twice. We went on multiple trea",https://www.reddit.com/r/caraccidents/comments/1nttai7/advice/,injury attorney,,,2025-09-29T20:36:34+00:00,0,0,
high,reddit,caraccidents,/u/Injurycaseconnect,Don't deal with your insurance alone after an accident. We’ll help.,"<!-- SC_OFF --><div class=""md""><p>Insurance companies look out for their own bottom line, not yours. If you try to handle it on your own, you'll likely get offered far less than what your case may actually be worth.</p> <p>Personal injury attorneys are professionals at dealing with insurance companies and can often help you get a much better settlement.</p> <p>Also you don't pay a dollar out of pocket, attorneys take a fee from your settlement.</p> <p>If you're in the tri-state area and need hel",https://www.reddit.com/r/caraccidents/comments/1nq8w7t/dont_deal_with_your_insurance_alone_after_an/,injury attorney,,,2025-09-25T14:52:39+00:00,0,0,
high,reddit,caraccidents,/u/Injurycaseconnect,Don’t deal with your insurance alone after an accident. Get paid by using an accident attorney.,"<!-- SC_OFF --><div class=""md""><p>Insurance companies look out for their own bottom line, not yours. If you try to handle it on your own, you’ll likely get offered far less than what your case may actually be worth. Personal injury attorneys are professionals at dealing with insurance companies and can often help you get a much better settlement.</p> <p>Also you don’t pay a dollar out of pocket, attorneys take a fee from your settlement. </p> <p>If you’re in the tri-state area and need help, sen",https://www.reddit.com/r/caraccidents/comments/1nq8r5g/dont_deal_with_your_insurance_alone_after_an/,injury attorney,,,2025-09-25T14:47:13+00:00,0,0,
high,reddit,caraccidents,/u/Cbdgummie,"First car accident: rear-ended someone and now a bodily injury claim is filed. Feeling anxious, looking for insight.","<!-- SC_OFF --><div class=""md""><p>Hi everyone,</p> <p>I’m dealing with my first-ever car accident and could use some thoughts or advice — mainly to help ease my nerves. About a month ago, it was Friday and I left work early and was on my way home, stopped in traffic. The light turned green, and at the same moment, I got a Teams notification from my boss. I started to move forward and briefly looked down at the message. In that split second, the car in front of me had stopped abruptly (apparently",https://www.reddit.com/r/caraccidents/comments/1no2tij/first_car_accident_rearended_someone_and_now_a/,injury attorney,,,2025-09-23T00:08:44+00:00,0,0,
high,reddit,caraccidents,/u/KeyYam5771,Bodily Injury attorney claim,"<!-- SC_OFF --><div class=""md""><p>I was recently in a car accident where the other driver drove over the median from the other lanes and hit me. I’m 7 months pregnant. I am now speaking with an attorney about going after both the other driver’s insurance and my own for the bodily injury amounts. I believe both are set at $10,000. I wasn’t going to but now I’m at the point where I’ve had to miss work, the stress and neck pain and keeping me up at night trying to deal with when I’m getting my car ",https://www.reddit.com/r/caraccidents/comments/1ni0l8q/bodily_injury_attorney_claim/,injury attorney,,,2025-09-15T22:43:19+00:00,0,0,
high,reddit,caraccidents,/u/Minimum-Mixture4884,Hit by a distracted driver in Warren. Any recommendations for personal injury lawyers?,"<!-- SC_OFF --><div class=""md""><p>I was hit last month by a driver who ran a stop sign while texting. My neck and back are still messed up, but the other driver’s insurance is lowballing the settlement.</p> <p>I'm not looking to sue for millions, but I <em>do</em> want my medical bills and missed time from work covered. Has anyone here worked with a Michigan based injury attorney that actually fights for you?</p> </div><!-- SC_ON --> &#32; submitted by &#32; <a href=""https://www.reddit.com/user/",https://www.reddit.com/r/caraccidents/comments/1mdbcx5/hit_by_a_distracted_driver_in_warren_any/,injury attorney,,,2025-07-30T16:34:18+00:00,0,0,
high,reddit,caraccidents,/u/xxxxxximjushere,Need Advice,"<!-- SC_OFF --><div class=""md""><p>Hi everyone. I 23F was in a car accident in May, I was t boned badly and my car spun out pretty bad. Initially I was in shock for days but as of now I have soft tissue injuries and have been going to the chiropractor since then. Although he’s saying I may have something going on with the discs in my back. I work a warehouse job and I know these type of jobs are physically demanding but prior to this I had no problems and lifted heavy things all day. Now I am str",https://www.reddit.com/r/caraccidents/comments/1mcxhie/need_advice/,injury attorney,,,2025-07-30T04:44:32+00:00,0,0,
high,reddit,caraccidents,/u/Specialist_Bid7492,Big lawsuit in LA with Famous Lawyer?,"<!-- SC_OFF --><div class=""md""><p>I am surprised no one is talking about this..</p> <p><a href=""https://abc7.com/post/uber-files-federal-lawsuit-known-la-personal-injury-attorneys-accuses-fraud/17233297/"">https://abc7.com/post/uber-files-federal-lawsuit-known-la-personal-injury-attorneys-accuses-fraud/17233297/</a></p> </div><!-- SC_ON --> &#32; submitted by &#32; <a href=""https://www.reddit.com/user/Specialist_Bid7492""> /u/Specialist_Bid7492 </a> <br /> <span><a href=""https://www.reddit.com/r/c",https://www.reddit.com/r/caraccidents/comments/1m7fan8/big_lawsuit_in_la_with_famous_lawyer/,injury attorney,,,2025-07-23T17:21:02+00:00,0,0,
high,reddit,caraccidents,/u/Holiday_Mud4089,"Car accident, who is at fault?","<!-- SC_OFF --><div class=""md""><p>Hello everyone, I would love advice if I should do a claim or not. Basically there are two lanes, I was on the left and this person on the right. There was a stopped bus on the right and the person decided to go into my lane. I think she did use caution lights and we hit mirror to mirror. I didn’t speed up and she just decided to go into my lane. After we got out of the car, she claimed she was a personal injury attorney and I do have a dash cam and said I would",https://www.reddit.com/r/caraccidents/comments/1lpg6dm/car_accident_who_is_at_fault/,injury attorney,,,2025-07-01T23:00:20+00:00,0,0,
high,reddit,caraccidents,/u/No_Stranger_809,Car wash at fault in Northern California.,"<!-- SC_OFF --><div class=""md""><p>I was going involved in a pile up inside the car wash tunnel. Was told by manager it was someone not paying attention at the exit light the day of accident. This was September of 2024 and I’ve been trying to get footage for my insurance. Finally about May 2025 I was allowed to view footage and car wash location and was told it was a like up even outside to exit the lot because a vehicle would not exit the property. As I’m watching the video I’m asking myself why",https://www.reddit.com/r/caraccidents/comments/1l31v1p/car_wash_at_fault_in_northern_california/,injury attorney,,,2025-06-04T10:13:32+00:00,0,0,
high,reddit,caraccidents,/u/Bcap1415,How long does a demand letter take to write up?,"<!-- SC_OFF --><div class=""md""><p>Was in a car accident back in Oct of 23', was told I could wait till around then to do so but that it wouldn't make a big difference whether doing it then or now, since I reached a new normal, neck herniation and a concussion. I have been treated and will continue to receive epidural and trigger point injections, the epidurals help with sciatica in my arm and the trigger point helps with headaches. </p> <p>I'm in CT and the company has already accepted fault, wa",https://www.reddit.com/r/caraccidents/comments/1kmpk4l/how_long_does_a_demand_letter_take_to_write_up/,injury attorney,,,2025-05-14T20:26:03+00:00,0,0,
high,reddit,caraccidents,/u/Ffreddie90,Multiple people crash,"<!-- SC_OFF --><div class=""md""><p>I was involved in a car accident where I was rear-ended directly. The impact pushed me into the vehicle in front of me, which had 3 passengers, and then there was a 3rd vehicle with 2 passengers. No one needed medical attention at the scene, but I later experienced pain and went to my doctor, which led me to enroll in physical therapy.</p> <p>My car was totaled and towed. The at-fault driver has a policy limit of $60k, but there are 9 injury claimants in total (",https://www.reddit.com/r/caraccidents/comments/1kbzoci/multiple_people_crash/,injury attorney,,,2025-05-01T03:53:55+00:00,0,0,
high,reddit,caraccidents,/u/ThatMammoth1298,I think I messed up and I don't know what to do,"<!-- SC_OFF --><div class=""md""><p>I got in a minor car accident today. There was a lot of snow on the edges of the road so I didn't realize it was a two lane. I must've been in the right or the middle because I put my signal on and started turning left to go onto a different road when I heard a bump and immediately stopped turning. Then I saw a truck pass me on the left. We both pulled over and he showed me the rear right corner of his truck and said it wasn't that bad and that we should just av",https://www.reddit.com/r/caraccidents/comments/1qf2f55/i_think_i_messed_up_and_i_dont_know_what_to_do/,car accident lawyer,,,2026-01-17T03:37:55+00:00,0,0,
high,reddit,caraccidents,/u/RonSwanson682,Car insurance rates after accident?,"<!-- SC_OFF --><div class=""md""><p>Hello,</p> <p>I was in an accident a few weeks ago, and the insurance deemed it to be my fault. I’m 26 and male, and this is my first accident/thing on my driving record. Roughly speaking, what will my insurance costs be? I was on my parents insurance before, so don’t really have an idea as to what it’ll cost. I also live in California, which I assume is relevant information. </p> </div><!-- SC_ON --> &#32; submitted by &#32; <a href=""https://www.reddit.com/user",https://www.reddit.com/r/caraccidents/comments/1qdtd5w/car_insurance_rates_after_accident/,car accident lawyer,,,2026-01-15T19:34:22+00:00,0,0,
high,reddit,caraccidents,/u/Significant-Slip-205,First car accident,"<!-- SC_OFF --><div class=""md""><p>Just had my first car accident AT FAULT, had my license 1 month ago, this is my boyfriend's car thankfully I was insured but I just don't know what to do. I've held my tears the whole time (info exchange / tow truck / Uber home), I have been crying ever since. I was careful, looked behind, there was no one, turned to grab my bag, opened the door and it flew away taken by this speeding grandma and I'm still technically at fault. Please reassure me, give me suppor",https://www.reddit.com/r/caraccidents/comments/1qdnqnc/first_car_accident/,car accident lawyer,,,2026-01-15T16:13:02+00:00,0,0,
high,reddit,caraccidents,/u/maxton1306,Not sure what to do,"<!-- SC_OFF --><div class=""md""><p>Hello. I think I got into a very, very minor accident. Like, no damage to either car type of thing. However, I tried to pull the other driver over with me and they kept going. Should I worry? I don't have dashcam and I honestly don't even know if I hit them.</p> </div><!-- SC_ON --> &#32; submitted by &#32; <a href=""https://www.reddit.com/user/maxton1306""> /u/maxton1306 </a> <br /> <span><a href=""https://www.reddit.com/r/caraccidents/comments/1qcwnzx/not_sure_wh",https://www.reddit.com/r/caraccidents/comments/1qcwnzx/not_sure_what_to_do/,car accident lawyer,,,2026-01-14T19:23:18+00:00,0,0,
high,reddit,caraccidents,/u/Mysterious_Ad9954,Need Help After Car Accident,"<!-- SC_OFF --><div class=""md""><p>On December 7th, 2025, my mother and I were involved in a car accident when we were rear-ended at a stop light and pushed into the car in front of us. We are both grateful to be alive and to have avoided life-threatening injuries, but unfortunately, we didn’t walk away unscathed. I was left with soft tissue damage from whiplash, and my pre-existing shoulder and lower back issues have been made worse by the crash. My doctor has ordered physical therapy to help me",https://www.reddit.com/r/caraccidents/comments/1qclnfg/need_help_after_car_accident/,car accident lawyer,,,2026-01-14T12:09:45+00:00,0,0,
high,reddit,caraccidents,/u/Cute_Ad_7473,Need some suggestions…,"<!-- SC_OFF --><div class=""md""><p>I was involved in a minor car accident in January 2022. I rear-ended the vehicle in front of me because traffic was heavy and I was following too closely. The speed was approximately 30–40 mph. I attempted to stop, but unfortunately there was not enough time.</p> <p>Neither vehicle’s airbags deployed. The other driver was able to walk normally after the accident and declined an ambulance. Her car was still drivable, but mine was not. My car had to be towed, and ",https://www.reddit.com/r/caraccidents/comments/1qcf2we/need_some_suggestions/,car accident lawyer,,,2026-01-14T05:36:35+00:00,0,0,
high,reddit,caraccidents,/u/Willing_Direction_88,Do debt collectors have to be paid?,"<!-- SC_OFF --><div class=""md""><p>In october of 2025, my boyfriend got in an accident where he was at fault and rear ended someone. Their car wasn’t too damaged but his car was pretty wrecked and nobody was injured. He was 18 and the car he was driving was his moms car, which she hadn’t been paying insurance for and had filed bankruptcy on i believe just a few months before ( not too sure the exact time she did and i don’t know any other details about what kind of bankruptcy she filed?). So he w",https://www.reddit.com/r/caraccidents/comments/1qayhqh/do_debt_collectors_have_to_be_paid/,car accident lawyer,,,2026-01-12T15:52:13+00:00,0,0,
high,reddit,caraccidents,/u/thereallukeg,Do none fixed issues show up on car report?,"<!-- SC_OFF --><div class=""md""><p>I drive a big jeep and got in a car accident a month ago. I pulled into another lane and the other car got a lot of damage, my jeep had none (hit the tire only)</p> <p>I was sited, police report, etc… a few questions google hasn’t been clear on </p> <p>1: if I do no repairs or even get it looked at professionally, does it show up on vehicle history or CARFAX? 2: if I don’t get any thing looked at or fixed, does it affect my car insurance anyway better? Or if I f",https://www.reddit.com/r/caraccidents/comments/1qaig3l/do_none_fixed_issues_show_up_on_car_report/,car accident lawyer,,,2026-01-12T02:13:02+00:00,0,0,
high,reddit,caraccidents,/u/First-Bag3649,First car accident,"<!-- SC_OFF --><div class=""md""><p>I'm really nervous I feel like I don't want to drive again the lady called the police but they didn't do anything since it was so minor my dad is willing to pay the only damage was a small dent and for some reason after it my heart is beating fast and this was my first car accident at 16.</p> </div><!-- SC_ON --> &#32; submitted by &#32; <a href=""https://www.reddit.com/user/First-Bag3649""> /u/First-Bag3649 </a> <br /> <span><a href=""https://www.reddit.com/r/cara",https://www.reddit.com/r/caraccidents/comments/1qa9d1o/first_car_accident/,car accident lawyer,,,2026-01-11T20:00:34+00:00,0,0,
high,reddit,caraccidents,/u/Good_soup99,Need advice! How do I proceed?,"<!-- SC_OFF --><div class=""md""><p>Hi everyone I was in an accident this past week (all parties unharmed) and the other party was found at fault. Unfortunately they only have the state bare minimum for liability, and it won’t cover to fix my car. My car is being written off and the money is only enough to pay off the rest of the car loan. I’m left with nothing and I’m distraught. Is there anything I can do? I’m so beyond frustrated, angry and sad. I’ve been looking into carvana for $0 down cars t",https://www.reddit.com/r/caraccidents/comments/1qa8zzu/need_advice_how_do_i_proceed/,car accident lawyer,,,2026-01-11T19:46:44+00:00,0,0,
high,reddit,caraccidents,/u/EmergencyKooky4169,Is this a write off?,"<!-- SC_OFF --><div class=""md""><p>My insurance insist my car is a write off, I’ve never had a car accident before. Due to the snow I went sliding down a hill and have damaged the front of my car. The rest of the car is as normal, no dash lights, car starts as normal. They want it to go straight to salvage without seeing it or getting a bodywork valuation.</p> <p>Mercedes A class, 2016. Can anyone give me any advice?</p> </div><!-- SC_ON --> &#32; submitted by &#32; <a href=""https://www.reddit.co",https://www.reddit.com/r/caraccidents/comments/1q9w8rk/is_this_a_write_off/,car accident lawyer,,,2026-01-11T10:35:53+00:00,0,0,
high,reddit,caraccidents,/u/redxninga123,Car accident,"<!-- SC_OFF --><div class=""md""><p>I got into a bad car accident, my car, and like 2 cars got hit, the car In front of me braked and my tires couldn’t catch so I snaked into him and the car In front me, I fled the scence since they accused of me being drunk, and recorded me but I didn’t have any type of alcohol bottle in the video maybe in my system but not enough to affect me but just smell it on my breath, they didn’t do a breathalyzer test on me, I left because 2 grown men came up to me and tr",https://www.reddit.com/r/caraccidents/comments/1q9u8oj/car_accident/,car accident lawyer,,,2026-01-11T08:33:07+00:00,0,0,
high,reddit,caraccidents,/u/Trick-Psychology-525,Totaled car,"<!-- SC_OFF --><div class=""md""><p>I was recently in a accident. I was at fault and totaled my car. So this a first time going through this I had a loan of the car for 6,289 left and start farm is paying off 4,944 but I was curious on a couple things.. I haven’t signed any paperwork yet but the said my tinted windows were standard but I paid lol and I also got all new 4 tires less than 6 months ago could I call and provide receipts and maybe get that noted ? My car was a 2016 Nissan Altima with 1",https://www.reddit.com/r/caraccidents/comments/1q9q235/totaled_car/,car accident lawyer,,,2026-01-11T04:40:35+00:00,0,0,
high,reddit,caraccidents,/u/Southern-Theme-1881,Car Accident,"<!-- SC_OFF --><div class=""md""><p>Hi everyone, 27F here. I’m seeking advice.</p> <p>Recently, we were involved in a car accident while using a rented vehicle (not a registered rent-a-car). We accidentally hit someone and we immediately shouldered the hospitalization and settlement costs they want. The car we were riding was damaged, we immediately had it towed to the repair shop, which will cost us for 50k. I even refunded prior bookings of the car as per demanded of the owner. Now, the car owne",https://www.reddit.com/r/caraccidents/comments/1q9ntgf/car_accident/,car accident lawyer,,,2026-01-11T02:51:35+00:00,0,0,
high,reddit,caraccidents,/u/Bean-Factory1478,The guy who caused the accident lied unfortunately,"<!-- SC_OFF --><div class=""md""><p>I was recently in a minor car accident. My car has very little damage and so does his. The whole exchange took about 10 minutes. Neither one of us had a working dash cam (if anyone has a good recommendation let me know). </p> <p>It was his fault, he came into my lane but lied to his insurance saying we were in the same lane. The insurance is siding with him and is finding me 100% at fault because he pays them insurance. </p> <p>I have a perfect driving record an",https://www.reddit.com/r/caraccidents/comments/1q9ixqe/the_guy_who_caused_the_accident_lied_unfortunately/,car accident lawyer,,,2026-01-10T23:17:49+00:00,0,0,
high,reddit,caraccidents,/u/Klutzy-Painting-4423,Need advice after car accident – insurance denied liability (dashcam footage included),"<!-- SC_OFF --><div class=""md""><p>I’m looking for advice on what to do next after a car accident. I’ve uploaded my front-view dashcam footage, which is the only video evidence I have.</p> <p>I filed a claim with the other driver’s insurance, but they closed the case last week and ruled that their driver is not liable, essentially blaming me. This is despite the dashcam footage and my statement. Their reasoning is that their driver was “already established in the lane,” which doesn’t make sense t",https://www.reddit.com/r/caraccidents/comments/1q7xg2w/need_advice_after_car_accident_insurance_denied/,car accident lawyer,,,2026-01-09T03:34:03+00:00,0,0,
high,reddit,caraccidents,/u/TrailMixedd,Conflicting Claims After a Lane-Change Accident — Need Advice,"<!-- SC_OFF --><div class=""md""><p>I was recently in a car accident and I’m trying to figure out next steps after the other party is denying fault and claiming I caused the accident. </p> <p>I was already in the exit lane, and the car next to me tried to merge into my lane ahead of me. I slowed down to avoid them, but my left front bumper ended up hitting their right rear side.</p> <p>I thought it would be pretty clear that they caused the accident since they were merging into my lane. However, t",https://www.reddit.com/r/caraccidents/comments/1q7eisg/conflicting_claims_after_a_lanechange_accident/,car accident lawyer,,,2026-01-08T15:20:41+00:00,0,0,
high,reddit,caraccidents,/u/RonSwanson682,Responding to other party’s insurance?,"<!-- SC_OFF --><div class=""md""><p>Hello,</p> <p>I got in a car accident a couple weeks ago, on December 26th to be precise. I filed a claim with my insurance and made my statement and all that. Earlier this morning, the other party’s insurance tried to contact me. This was the only contact I had with them. Was this a mistake? Can they do anything with this?</p> </div><!-- SC_ON --> &#32; submitted by &#32; <a href=""https://www.reddit.com/user/RonSwanson682""> /u/RonSwanson682 </a> <br /> <span><a",https://www.reddit.com/r/caraccidents/comments/1q700cr/responding_to_other_partys_insurance/,car accident lawyer,,,2026-01-08T02:46:54+00:00,0,0,
high,reddit,caraccidents,/u/Peabooz,2 accidents in one week,"<!-- SC_OFF --><div class=""md""><p>Sooo… Last Friday on our way to work, my boyfriend rear ended the car in front of us. Totally his fault, not arguing that lol. It was the first accident he’d ever been in. The damage wasn’t terrible to our car, but the man he hit had to get his bumper replaced. Insurance covered it. Yesterday, I bumped into a car in a parking lot. Once again, totally my fault. We share a car, therefore we share insurance. My first ever accident too. I am terrified our insurance ",https://www.reddit.com/r/caraccidents/comments/1piit63/2_accidents_in_one_week/,personal injury,,,2025-12-09T20:47:42+00:00,0,0,
high,reddit,caraccidents,/u/ElkImpossible6185,Wife had a knee injury in 2022 + new accident on Nov 6. Should we get an accident lawyer?,"<!-- SC_OFF --><div class=""md""><p>Looking for some guidance.<br /> My wife, had an accident back in 2022 that injured her knee. Her MRI showed cartilage wear and patellar/fat pad issues. She has been doing rehab exercises, but the pain still comes and goes.</p> <p>Then on <strong>Nov 6</strong>, she was involved in another accident. Now we’re dealing with insurance questions, potential medical bills, and whether the previous knee injury could be affected or worsened by this new accident.</p> <p>",https://www.reddit.com/r/caraccidents/comments/1pe6myc/wife_had_a_knee_injury_in_2022_new_accident_on/,personal injury,,,2025-12-04T17:50:14+00:00,0,0,
high,reddit,caraccidents,/u/happydays365,Auto accident Settlement Offer,"<!-- SC_OFF --><div class=""md""><p>Hello,</p> <p>I was recently rear ended while at a stop by a vehicle traveling approximately 40mph which caused me to hit my head on the back of the headrest. I experienced a headache for approximately 30 minutes but it resolved. Two weeks later I developed a headache in my occipital region, burning in my scalp, and neck pain. Upon visiting urgent care, all scans were clear, but I was diagnosed with a head contusion and cervical neck sprain. I still have head an",https://www.reddit.com/r/caraccidents/comments/1oycwxi/auto_accident_settlement_offer/,personal injury,,,2025-11-16T04:56:59+00:00,0,0,
high,reddit,caraccidents,/u/Dismal-Fox3121,Dealing with insurance after an accident feels way harder than it should,"<!-- SC_OFF --><div class=""md""><p>I was in a car accident not long ago, and honestly, I didn’t expect the whole insurance process to be this exhausting. The car’s a total loss, and I’ve been trying to handle everything step by step, but it feels like every time I submit one thing, they come back asking for something else. It’s almost like they’re hoping I’ll just give up.</p> <p>What’s really stressful is figuring out what I’m actually entitled to things like medical expenses, pain and suffering",https://www.reddit.com/r/caraccidents/comments/1oeube3/dealing_with_insurance_after_an_accident_feels/,personal injury,,,2025-10-24T10:39:49+00:00,0,0,
high,reddit,caraccidents,/u/kelcnb,Settlement estimate,"<!-- SC_OFF --><div class=""md""><p>Hello! I got in a car accident two years ago. I was on a highway in NC where I came to a quick stop, the car that was far behind me did not stop and hit me full speed at 65mph no brake marks. Luckily for everyone else (4 cars involved) I took majority of the damages being first impact. The driver got failure to reduce speed and no operating license, but luckily the truck was insured. I got 4000 for my car (it was ancient 300,000 miles), but I wanted to see if an",https://www.reddit.com/r/caraccidents/comments/1ockklj/settlement_estimate/,personal injury,,,2025-10-21T18:18:43+00:00,0,0,
high,reddit,caraccidents,/u/Major-Bread-4490,Almost died yesterday.,"<!-- SC_OFF --><div class=""md""><p><a href=""https://www.wusa9.com/article/traffic/incidents/crash/tractor-trailer-overturns-on-median-delays-on-495/65-e272f1cc-52b8-4783-a1b8-3e466ca2de78"">https://www.wusa9.com/article/traffic/incidents/crash/tractor-trailer-overturns-on-median-delays-on-495/65-e272f1cc-52b8-4783-a1b8-3e466ca2de78</a></p> <p>Accident date October 14th 2025 5am MD Highway I 65 going northeast.</p> <p>There were witnesses at the scene. I think the police officers took statements.</",https://www.reddit.com/r/caraccidents/comments/1o79txq/almost_died_yesterday/,personal injury,greatestfatheralive@gmail.com,,2025-10-15T12:38:02+00:00,0,0,
high,reddit,caraccidents,/u/Wyldfyre1,Car accident no insurance,"<!-- SC_OFF --><div class=""md""><p>Hi all, a couple of weeks ago I was involved in a car accident, in which case I was uninsured. I was literally uninsured for about a week! Lesson to everyone to always have it. I feel like an idiot. Anyway, I was driving down my street, the guy was backing out of his driveway, and boom. I honestly didn't see what happened, it happened so fast. All my airbags went off and my car is totaled. He says I hit him, I think he hit me. I don't know what you all can ascer",https://www.reddit.com/r/caraccidents/comments/1npkgft/car_accident_no_insurance/,personal injury,,,2025-09-24T18:46:53+00:00,0,0,
high,reddit,caraccidents,/u/Important_Purple4160,Need help understanding deposition after old car accident,"<!-- SC_OFF --><div class=""md""><p>Hi everyone, I need some help understanding my situation. I had a car accident two years ago, and the insurance policy was under another person’s name (the owner of the car who lent it to me). I was the driver at the time. Now I’m being called in for a deposition, and they also say they can’t get in touch with the car owner (who is also the policyholder). The other party is claiming a back injury, even though it was a minor accident with very little damage. The ",https://www.reddit.com/r/caraccidents/comments/1niqyiq/need_help_understanding_deposition_after_old_car/,personal injury,,,2025-09-16T19:19:28+00:00,0,0,
high,reddit,caraccidents,/u/professorming,Car Accident - Car totalled due to other driver,"<!-- SC_OFF --><div class=""md""><p>Neverending accidents in our household.. luckily fairly unscathed, my wife, daughter and niece were in her blue lexus (only had it 3 months) was in a crash when a drive from the opposite direct turned in front her &quot;thinking they make it&quot; Its a 40 mph zone and typically about the range people go to to popular lake destination are. It happened 2 hours from our howse and were we staying at a large rental a few miles away. Other driver taken to hospital an",https://www.reddit.com/r/caraccidents/comments/1muymyh/car_accident_car_totalled_due_to_other_driver/,personal injury,,,2025-08-19T23:26:28+00:00,0,0,
high,reddit,caraccidents,/u/CruelCuddle,Parking lot accident turned into a headache,"<!-- SC_OFF --><div class=""md""><p>Had a minor accident in a shopping center parking lot a few evenings ago. Low visibility, cars parked everywhere, one of those tight lanes where everyone rushes. We clipped each other while pulling out. No injuries, but enough damage to start the insurance mess. Now it’s statements, emails, shared fault talk, and I honestly don’t know what to say anymore without making things worse. At this point it feels like I need someone who actually deals with accident case",https://www.reddit.com/r/caraccidents/comments/1q3p7h5/parking_lot_accident_turned_into_a_headache/,need lawyer,,,2026-01-04T12:51:38+00:00,0,0,
high,reddit,caraccidents,/u/Jolly-Sympathy-312,3 car accident. I was in the middle,"<!-- SC_OFF --><div class=""md""><p>To start, I have a dash cam that got the accident on camera. At the time I didn’t know if I hit the car in front of me first or the guy rear ended me first causing me to hit the car in front of me.</p> <p>I hit my head pretty hard when I was rear ended and believe I have whiplash. I said no to going to the hospital because I was far and didn’t want to get my car towed or pay an ambulance fee at the time. I drove home and went to my local hospital to get checked ",https://www.reddit.com/r/caraccidents/comments/1pxd0ej/3_car_accident_i_was_in_the_middle/,need lawyer,,,2025-12-28T00:20:41+00:00,0,0,
high,reddit,caraccidents,/u/CherryNeko69,Need an LA lawyer fast,"<!-- SC_OFF --><div class=""md""><p>major car wreck in LA today and my car is totaled. insurance is already being annoying and i think i need professional help . Anyone got a lead on a good car accident lawyer that actually works? Really dont want to deal with this alone. </p> <p>Edit: managed to get a hold of Gammill Law and i’m sticking with them. they’re legit and have been really helpful with all the paperwork junk so far.</p> </div><!-- SC_ON --> &#32; submitted by &#32; <a href=""https://www.",https://www.reddit.com/r/caraccidents/comments/1px6u8t/need_an_la_lawyer_fast/,need lawyer,,,2025-12-27T19:50:55+00:00,0,0,
high,reddit,caraccidents,/u/Salt-Ad-3061,Insurance after a car accident is so FRUSTRATING,"<!-- SC_OFF --><div class=""md""><p>I was in a pretty bad car accident last month where another driver pulled off of the side of the highway, right in front of me while I was going 70 mph. They were immediately deemed at fault. I broke my hand in the accident from slamming on the horn.</p> <p>I went to the hospital and was told I would need to see an orthopedic surgeon because they were concerned about the tendons in my hand. The surgeon has me trying physical therapy first before we reassess in J",https://www.reddit.com/r/caraccidents/comments/1pm8lpq/insurance_after_a_car_accident_is_so_frustrating/,need lawyer,,,2025-12-14T07:51:18+00:00,0,0,
high,reddit,caraccidents,/u/Usual-Vacation3745,"Apartment door crashed on my car roof, $10-15k damage, what should I do","<!-- SC_OFF --><div class=""md""><p>Apartment garage door crashed my car roof, $10–15k damage. Property manager denying responsibility – what should I do next?</p> <p>Hi all, need quick advice.</p> <p>Location: Massachusetts Car: 2024 SUV ,like new, no accident </p> <p>Yesterday my apartment’s garage door suddenly closed on my car as I was slowly driving in(5-7 mph) It scraped and dented the whole roof from front to back. This garage door has had ongoing issues (fobs not working, random malfunctio",https://www.reddit.com/r/caraccidents/comments/1p2ocx5/apartment_door_crashed_on_my_car_roof_1015k/,need lawyer,,,2025-11-21T03:42:01+00:00,0,0,
high,reddit,caraccidents,/u/chatarii,Insurance refusing to pay after truck accident,"<!-- SC_OFF --><div class=""md""><p>Got sideswiped by a delivery truck last month in Houston. Their insurance keeps delaying my claim and now says they need additional review. I’ve got medical bills piling up and can’t afford more delays. Would it make sense to contact a truck accident lawyer houston or just keep trying to work through insurance?</p> </div><!-- SC_ON --> &#32; submitted by &#32; <a href=""https://www.reddit.com/user/chatarii""> /u/chatarii </a> <br /> <span><a href=""https://www.redd",https://www.reddit.com/r/caraccidents/comments/1o4sfmd/insurance_refusing_to_pay_after_truck_accident/,need lawyer,,,2025-10-12T15:45:26+00:00,0,0,
high,reddit,caraccidents,/u/Constant_Agency_9693,"My first accident, what should I do after I got rear ended ?","<!-- SC_OFF --><div class=""md""><p>Hey everyone,<br /> I got rear-ended today here in California. Thankfully, the damage doesn’t look too bad, but this is my first accident in the U.S<strong>.</strong>, and I’m not sure how to handle everything properly. I got the other driver’s insurance info and I also have a video of the incident, but he refused to wait for the police so I couldn’t file a report.</p> <p>My car is still very new, and I’m worried it’s going to lose value because of this. Does in",https://www.reddit.com/r/caraccidents/comments/1o2rgrx/my_first_accident_what_should_i_do_after_i_got/,need lawyer,,,2025-10-10T04:31:06+00:00,0,0,
high,reddit,caraccidents,/u/nagyee,Hit and run denies claim,"<!-- SC_OFF --><div class=""md""><p>The main question I have is how can I find out the at-fault driver's address so I can take him to small claims court?</p> <p>The story: one morning I was walking to my car which had a new huge dent on it on the right side. Overnight the driver totaled my car and drove away. Someone left a note about the guy's driver's license. The at-fault driver also totaled his car, on paper he reported his accident with a light pole a day after my accident. We know his name a",https://www.reddit.com/r/caraccidents/comments/1njx197/hit_and_run_denies_claim/,need lawyer,,,2025-09-18T02:52:34+00:00,0,0,
high,reddit,caraccidents,/u/AdBulky9175,Help please 🙏,"<!-- SC_OFF --><div class=""md""><p>Hello, I just want to ask for help and I’ll try to be as brief as possible. I have a problem with an accident on the freeway. I was calmly heading to my destination around 2 a.m., and in front of me there had already been a recent accident. There were crashed cars on the road, and even though I tried to avoid them, I couldn’t completely, and I drove between them, damaging my car. Fortunately, I was not injured. I pulled over to the side to call 911 and wait for ",https://www.reddit.com/r/caraccidents/comments/1ndp642/help_please/,need lawyer,,,2025-09-10T20:20:17+00:00,0,0,
high,reddit,caraccidents,/u/No_Hold_9560,Need advice finding an 18 wheeler accident lawyer in Houston,"<!-- SC_OFF --><div class=""md""><p>My uncle was involved in a crash with an 18 wheeler in Houston last week. The truck swerved into his lane, caused major damage, and left him with back injuries. Insurance is already pushing back on covering the medical bills, which is stressful. We’re looking for an experienced 18 wheeler accident lawyer houston who knows how to deal with trucking companies and won’t let them avoid responsibility.</p> </div><!-- SC_ON --> &#32; submitted by &#32; <a href=""https:",https://www.reddit.com/r/caraccidents/comments/1n79b66/need_advice_finding_an_18_wheeler_accident_lawyer/,need lawyer,,,2025-09-03T08:32:30+00:00,0,0,
high,reddit,caraccidents,/u/FriendNo1306,Shady auto mechanic practice after car accident,"<!-- SC_OFF --><div class=""md""><p>I recently got into a car accident and found a lawyer to handle everything. They suggested a car repair shop and finally I got to pick up my car after 2 months. I noticed 1) the bumper wasn't aligning and mentioned to the mechanic, but he said since it's from China it won't fit as well. (That's some bs and I already know as a woman I'm being looked down). I did talk to the adjuster (B) and he said the mechanic has to replace OEM for me. Because the mechanic didn",https://www.reddit.com/r/caraccidents/comments/1myj0ag/shady_auto_mechanic_practice_after_car_accident/,need lawyer,,,2025-08-24T01:36:21+00:00,0,0,
high,reddit,caraccidents,/u/minjisveryown,Am I at fault?,"<!-- SC_OFF --><div class=""md""><p>I was in an accident recently and need help understanding liability, insurance, and whether I should involve a lawyer.</p> <p>This is a visual demonstration of what happened, the yellow dot being the lady and the blue dot being my car.</p> <p>It took place inside a commercial parking lot, where speed limit goes under 10mph. I(Toyota Camry) was at an intersection within the parking aisle, slightly edged out to check for approaching cars —my car wasn’t fully in th",https://www.reddit.com/r/caraccidents/comments/1mkbe4l/am_i_at_fault/,need lawyer,,,2025-08-07T20:39:46+00:00,0,0,
high,reddit,caraccidents,/u/Difficult-Debate-552,Car accident settlement help,"<!-- SC_OFF --><div class=""md""><p>I need some help because my sister and I got into a car accident and don’t know what to do. </p> <p>Last weekend my brother and I were involved in a car accident, we were crossing an intersection with traffic lights and it was green for us but a car from the passenger side ran a red light and hit us. The car was totaled and had to be towed. My brother (the driver) had to take an ambulance because his injuries needed attention as there was a possibility of a brok",https://www.reddit.com/r/caraccidents/comments/1meegew/car_accident_settlement_help/,need lawyer,,,2025-07-31T21:44:22+00:00,0,0,
high,reddit,caraccidents,/u/kmy_y,Accident w/ gov vehicle,"<!-- SC_OFF --><div class=""md""><p>Location: Inland Empire, CA Date of accident: 07/09 @10:30am (I am the black car) This is my first car accident ever and I need help. I have a 2012 honda civic coupe and I was driving from one traffic light to the next staying in the right about to turn right at the next light into a shopping complex. There was a car speeding at the first traffic light in the lane closest to the left turning lane (there was only 4 lanes; 2 turning, 2 middle going straight) which",https://www.reddit.com/r/caraccidents/comments/1m0wkpx/accident_w_gov_vehicle/,need lawyer,,,2025-07-15T23:00:42+00:00,0,0,
high,reddit,caraccidents,/u/Radiant-Athlete350,Looking for attorney San Diego,"<!-- SC_OFF --><div class=""md""><p>I am dealing with an At fault car accident , looking for an attorney for legal advice &amp; possible representation </p> </div><!-- SC_ON --> &#32; submitted by &#32; <a href=""https://www.reddit.com/user/Radiant-Athlete350""> /u/Radiant-Athlete350 </a> <br /> <span><a href=""https://www.reddit.com/r/caraccidents/comments/1nr60rz/looking_for_attorney_san_diego/"">[link]</a></span> &#32; <span><a href=""https://www.reddit.com/r/caraccidents/comments/1nr60rz/looking_fo",https://www.reddit.com/r/caraccidents/comments/1nr60rz/looking_for_attorney_san_diego/,looking for attorney,,,2025-09-26T16:31:47+00:00,0,0,
high,reddit,caraccidents,/u/starchyarchiedog,paying for surgery out of pocket,"<!-- SC_OFF --><div class=""md""><p>I (39F) had a discectomy in Dec 2021 after I couldn’t walk for 16 days. In 2023 and 2024, respectively, I was involved in 2 different car accidents, rear ended both times. I was in the hospital in mid Feb because I “snapped” something in my back and collapsed. I was admitted because I couldn’t walk. The recommendation was to f/u with a surgeon. I do have an attorney and the Dr I was seeing had me going to PT which didn’t help. I’ve had an epidural and it didn’t ",https://www.reddit.com/r/caraccidents/comments/1ju4nnb/paying_for_surgery_out_of_pocket/,looking for attorney,,,2025-04-08T03:54:40+00:00,0,0,
high,reddit,caraccidents,/u/Maxim___g,Can I sue Geico by myself?,"<!-- SC_OFF --><div class=""md""><p>Can I sue Geico by myself? so here is the story: I stopped at the traffic light right behind the car. It was a red light to us. And I all of a sudden felt a very strong force and I blacked out for a moment. I woke up in a completely different lane. And it happened that the driver behind rear-ended me at 45 mph. He was being insured by Geico and a Geico determined my car is a total loss. I have never been in a car accident, and I was shocked and confused and I di",https://www.reddit.com/r/caraccidents/comments/1f5e4sb/can_i_sue_geico_by_myself/,looking for attorney,,,2024-08-31T03:36:34+00:00,0,0,
high,reddit,caraccidents,/u/tmv7114,Negotiating with insurance,"<!-- SC_OFF --><div class=""md""><p>I had a car accident back in April. I am just finishing up the first round of treatment, such as physical therapy. I know that in about 3 more months I will be looking at having the plates taken out of my arm. Anyways, I am at the place of signing a contract with an attorney. O was just wondering if anyone has had any success negotiating with the insurance company? It is State Farm, I know they are not easy to deal with. I had a compound fracture in my non domin",https://www.reddit.com/r/caraccidents/comments/1esaone/negotiating_with_insurance/,looking for attorney,,,2024-08-14T19:40:42+00:00,0,0,
high,reddit,caraccidents,/u/Whalen-Injury,🚗 What Are The Top Causes for Car Accidents?,"<!-- SC_OFF --><div class=""md""><p>As a car accident attorney in the Denver Metro area, we handle all types of car accident cases and see a variety of causes. Here are some of the top causes for car accidents, from our experience. </p> <h1>Most Common Causes</h1> <ul> <li><strong>Distracted driving:</strong> Eating, on your phone, texting, looking for something. Anything related to not keeping your eyes on the road.</li> <li><strong>Speeding:</strong> This includes not only going over the speed l",https://www.reddit.com/r/caraccidents/comments/1e4szqx/what_are_the_top_causes_for_car_accidents/,looking for attorney,,,2024-07-16T16:26:57+00:00,0,0,
high,reddit,caraccidents,/u/Stunning_Ad_9887,Hit by uninsured motorists and i do have uninsured motorists under my policy. Just need some advice.,"<!-- SC_OFF --><div class=""md""><p>I am with progressive, But we’ll start at the accident. Saturday night June 9th, in Columbia sc, Guy was at the stop light pulled out trying to make a left and didn’t see me some how. Light was green for me i was heading north, straight through the green light. I seen him but didn’t think he would try to take the left turn. But he did, Turned right infront of my car. Totaled my car and his (his mom car actually). State trooper obviously gave him fault for not yi",https://www.reddit.com/r/caraccidents/comments/1dfn4v0/hit_by_uninsured_motorists_and_i_do_have/,looking for attorney,,,2024-06-14T09:52:53+00:00,0,0,
high,reddit,caraccidents,/u/jayzv26,My Insurance Company Is Offering an Unfairly Low Settlement Amount. Do I Have to Accept It?,"<!-- SC_OFF --><div class=""md""><p>This is also frequently asked questions when you research car accidents.</p> <p>Here's the answer to it: </p> <p>No, you are not bound to accept any unfairly low settlement amount by the insurance company. Though the adjuster and various agents from the insurance company would connect with you to lower the claim amount and settle for the amount offered, if it looks unfair, you do not accept it. You can <strong>hire an attorney</strong> and <strong>file a lawsuit",https://www.reddit.com/r/caraccidents/comments/olexdz/my_insurance_company_is_offering_an_unfairly_low/,looking for attorney,,,2021-07-16T11:24:15+00:00,0,0,
high,reddit,caraccidents,/u/Galewski02,How to look for a Reputed Tampa Bankruptcy Attorney,"&#32; submitted by &#32; <a href=""https://www.reddit.com/user/Galewski02""> /u/Galewski02 </a> <br /> <span><a href=""https://bankruptcyattorneytampaus.wordpress.com/2018/03/30/how-to-look-for-a-reputed-tampa-bankruptcy-attorney/"">[link]</a></span> &#32; <span><a href=""https://www.reddit.com/r/caraccidents/comments/8891pz/how_to_look_for_a_reputed_tampa_bankruptcy/"">[comments]</a></span>",https://www.reddit.com/r/caraccidents/comments/8891pz/how_to_look_for_a_reputed_tampa_bankruptcy/,looking for attorney,,,2018-03-30T09:10:51+00:00,0,0,
high,reddit,caraccidents,/u/Throwawayaccident310,"[Los Angeles, CA] My car was totalled by a semi, no serious injuries, do I have any legal recourse?","<!-- SC_OFF --><div class=""md""><p>Hello Reddit, I'm looking for some advice/guidance regarding an accident I was involved in recently. I was driving home from school when I was rear ended by a semi-truck on the freeway. Fortunately, at the time of the accident there were barely any other cars on the road (in the middle of the day) because when I was hit, my car was spun around several times across a few lanes before finally coming to a halt facing the wrong direction. My car was totaled, but tha",https://www.reddit.com/r/caraccidents/comments/4mj8es/los_angeles_ca_my_car_was_totalled_by_a_semi_no/,looking for attorney,,,2016-06-04T17:16:59+00:00,0,0,
high,reddit,needadvice,/u/Spikecbb7,Disabled Vet Sister is Self-Neglecting and refuses help. How can I get her the help she needs?,"<!-- SC_OFF --><div class=""md""><p>Hello <a href=""https://www.reddit.com/r/needadvice"">r/needadvice</a>. There is a TLDR at the bottom of this paragraph.</p> <p>My sister is a 48 year old veteran with a Traumatic Brain Injury (TBI). She is at 100% disability so she lives at home where we can provide for her as a family.</p> <p>She used to be sociable. As years went on she refused to continue her appointments/medication from the VA. She withdrew into her room and stopped speaking to us. Nowadays, ",https://www.reddit.com/r/needadvice/comments/zlhopf/disabled_vet_sister_is_selfneglecting_and_refuses/,injury attorney,,,2022-12-14T04:42:17+00:00,0,0,
high,reddit,needadvice,/u/Antt1234,Knocked my dad’s side mirror cover and feel very bad,"<!-- SC_OFF --><div class=""md""><p>Hi, people of reddit. Just got my license this year and have been driving around with my dad’s car for two months without any accidents until today. Welp today I drove to the gym and had a good leg day workout. It was all good until I reached home and realised I f-ed up. While I was parking, I was so conscious of the car on the left parked that I did not look at my driver side mirror colliding with the pillar on my right. Luckily I reversed slowly and only the s",https://www.reddit.com/r/needadvice/comments/1jxiqg0/knocked_my_dads_side_mirror_cover_and_feel_very/,car accident lawyer,,,2025-04-12T14:37:35+00:00,0,0,
high,reddit,needadvice,/u/Dazzling-3865,Need advice please help,"<!-- SC_OFF --><div class=""md""><p>Please help I need advice: So I had a car that was registered under my name. The car was in good condition but wouldn't pass the smog so it didn't benefit me at all since I could not get my license with it. I decided to pay to junk it at the dmv. Then my mother in laws ex husband said he would get rid of it. Well now I got a letter in the mail saying that the car has been in an accident and that I am liable because it's under my name. I don't know who was drivin",https://www.reddit.com/r/needadvice/comments/1dk1nzp/need_advice_please_help/,car accident lawyer,,,2024-06-20T03:08:54+00:00,0,0,
high,reddit,needadvice,/u/FluffyWasabi1629,I need help deciding if I should try to move to a different country or not.,"<!-- SC_OFF --><div class=""md""><p>I am 19 years old, nonbinary, aroace, autistic, adhd, dspd, socialist, etc. So many bad things have been happening in my country (the U.S.) since Trump got elected. I am worried my presence in this country may soon become illegal, or I'll get shot, or die in a car accident because of how car centric we are, or never be able to make enough money to even have an apartment of my own, etc. </p> <p>It is hard to comprehend how there are so many cruel and hateful peop",https://www.reddit.com/r/needadvice/comments/16v1m2g/i_need_help_deciding_if_i_should_try_to_move_to_a/,car accident lawyer,,,2023-09-29T04:12:47+00:00,0,0,
high,reddit,needadvice,/u/mayonnaiseplayer7,Got hit by a motorcyclist while on my bicycle and we didn't exchange info - what can I do from here?,"<!-- SC_OFF --><div class=""md""><p>Tl;dr I got rear ended by a motorcyclist on my bicycle. Due to the stress of the situation and the fact that the rider didn't speak english, I didn't exchange info with him. What can I do from here? Can I still get his insurance or compensation in any way? How do I move forward?</p> <p>I was in an accident early this morning around 12.30a. I was on my bicycle and while merging into the left lane, I got rear ended by a motorcyclist. I had my bike lights on and sa",https://www.reddit.com/r/needadvice/comments/15zhpas/got_hit_by_a_motorcyclist_while_on_my_bicycle_and/,car accident lawyer,,,2023-08-23T21:43:01+00:00,0,0,
high,reddit,needadvice,/u/idah0e,best way to go about getting footage of a car accident i was involved in?,"<!-- SC_OFF --><div class=""md""><p>yesterday i (f18) was in a pretty serious car accident that totaled my car. i’m interested in seeing the footage from a perspective different than how i remember it with my own two eyes because it involves my car rolling. the crash occurred outside of an apartment complex. i was wondering if i contacted the apartment complex, would they be able to give me a recording if they have a camera that got it on tape? i also saw a still image from a traffic camera but i’",https://www.reddit.com/r/needadvice/comments/153nrne/best_way_to_go_about_getting_footage_of_a_car/,car accident lawyer,,,2023-07-19T07:17:52+00:00,0,0,
high,reddit,needadvice,/u/confusedingeneral7,Bumped something at gas station please help,"<!-- SC_OFF --><div class=""md""><p>I just passed my test 2 weeks ago and was out on my own for only the second time, mum asked me to fill her car up with petrol when leaving I bumped into that plastic newspaper stand they have outside by accident and scratched my car a bit and dented the plastic stand the woman came out and told me she wanted to take my details and to pull up in a parking space, in my nervous freak out of just bumping into something I drove round and was facing the wrong way in o",https://www.reddit.com/r/needadvice/comments/14hzi7t/bumped_something_at_gas_station_please_help/,car accident lawyer,,,2023-06-24T18:09:05+00:00,0,0,
high,reddit,needadvice,/u/roast_me_yoooo,Wrist sprain or missed fracture?,"<!-- SC_OFF --><div class=""md""><p>Hi all. </p> <p>On the 5th August I had a fall on an outstretched hand from a cycling accident and injured the bottom of my hand. The next day, I went to A&amp;E (I'm in the UK), and got it evaluated and x-rayed. There was nothing abnormal about it and I was told I had sprained my wrist and to go home and that it would heal in a couple weeks. </p> <p>It has been almost 5 weeks now, and while there has been a pretty good improvement, the pain is still present, es",https://www.reddit.com/r/needadvice/comments/x87um5/wrist_sprain_or_missed_fracture/,car accident lawyer,,,2022-09-07T15:20:13+00:00,0,0,
high,reddit,needadvice,/u/SophiePuffs,How do you answer the “Whatcha been up to?” question when you really truly haven’t been up to anything?,"<!-- SC_OFF --><div class=""md""><p>I’m disabled from a car accident. I had a great career as a dental hygienist and a nice group of friends. It took me a few years to get through the surgeries and therapy after my accident, and during that time I lost touch with many people. </p> <p>I’ve been going out a bit more lately so I’m running into old friends and it’s great! However, I can’t figure out how to respond to the “what have you been up to?” conversation starter. Most people say work, school, k",https://www.reddit.com/r/needadvice/comments/vcf39e/how_do_you_answer_the_whatcha_been_up_to_question/,car accident lawyer,,,2022-06-14T22:16:39+00:00,0,0,
high,reddit,needadvice,/u/Dude0315,Insurance trying to empty my wallet,"<!-- SC_OFF --><div class=""md""><p>So back in January there was a bad ice storm in my town, early in the morning. The town’s salting truck crashed that was supposed to salt the road i was driving on, and while going 15 miles per hour i slid 30 feet and rear ended the car in front of me. About a dozen accidents happened in the next hour in the town, and i was told it was clear nobody would be at fault.</p> <p>Now i got a surcharge notice from my insurance who is trying to hold me at more than 50% ",https://www.reddit.com/r/needadvice/comments/u852cq/insurance_trying_to_empty_my_wallet/,car accident lawyer,,,2022-04-20T19:59:41+00:00,0,0,
high,reddit,needadvice,/u/xHibarix,Need advice on how to begin tackling a trauma.,"<!-- SC_OFF --><div class=""md""><p>Hi there. 5 hours ago I was involved in an accident on a residential intersection. The car to my right decided not to stop at the stop sign and I lost control of my vehicle as I swerved to avoid it. </p> <p>After 5 hours of thinking about the situation I started to think it could have easily been avoided if I had just stopped instead of accelerating. I love rules. I hate people who break them. I knew I had the right of way. I did arrive first, i have it on dash ",https://www.reddit.com/r/needadvice/comments/pewzmt/need_advice_on_how_to_begin_tackling_a_trauma/,car accident lawyer,,,2021-08-31T02:35:13+00:00,0,0,
high,reddit,needadvice,/u/llamallamallama1991,"Healthcare worker who wants to help, but can’t group up at protests","<!-- SC_OFF --><div class=""md""><p>Basically the title. I’m a CNA and though I would love to help the BLM movement and protest police brutality, I can’t risk getting COVID19. I’m young and healthy, so I’m not worried about how I would effect me terribly, but my patients are all elderly, immunocompromised, in a weakened state from car accidents , etc. </p> <p>I love helping people. It’s my passion. How can I help?</p> </div><!-- SC_ON --> &#32; submitted by &#32; <a href=""https://www.reddit.com/us",https://www.reddit.com/r/needadvice/comments/gv1rrw/healthcare_worker_who_wants_to_help_but_cant/,car accident lawyer,,,2020-06-02T06:06:59+00:00,0,0,
high,reddit,needadvice,/u/ResponsibilityWide34,what went wrong with him?,"<!-- SC_OFF --><div class=""md""><p>My brother took his own life at his 32 a few weeks ago. Cut throat injury. It was his first and his last attempt.No past history of mental illness or any other attempts. He had quit cannabis use and was smoking only medical cannabis. He had never expressed the opinion that he didn't like his life. He sent many resumes the past days prior to his death. He was actively trying to improve his life. He only suffered from this phobia: that he was being watched. He con",https://www.reddit.com/r/needadvice/comments/1ner55r/what_went_wrong_with_him/,personal injury,,,2025-09-12T02:05:56+00:00,0,0,
high,reddit,needadvice,/u/nerd-dftba,Car Insurance Refusing to Renew Us,"<!-- SC_OFF --><div class=""md""><p>I really need some advice and guidance on car insurance.</p> <p>We have been with Progressive for 9 years, and we have never had a problem. Yesterday we received a non-renewal notice in the mail, saying that Progressive will not offer us insurance past September. When I called for more information, they said that we have had six claims in the last 36 mo.</p> <p>3-29-19 - Personal Injury, I aggravated a previous injury when I was rearended. Not my fault. I am not",https://www.reddit.com/r/needadvice/comments/cx3mht/car_insurance_refusing_to_renew_us/,personal injury,,,2019-08-29T16:58:38+00:00,0,0,
high,reddit,needadvice,/u/madameovaries85,How to resolve an existential crisis without letting it break me.,"<!-- SC_OFF --><div class=""md""><p>This one might be a long one so I appreciate anyone who’s willing to read it. I’m a 33 year old wife and mother who recently had a career ending injury. I’m an esthetician who’s had a fairly successful career but with that came quite a sacrifice for my family considering the shitty scheduling that comes with doing facials in a retail environment. (Weekends and a lot of nights working until 9pm) </p> <p>In August I had a neck injury which resulted in a necessary ",https://www.reddit.com/r/needadvice/comments/adoipd/how_to_resolve_an_existential_crisis_without/,personal injury,,,2019-01-08T00:48:53+00:00,0,0,
high,reddit,needadvice,/u/MillenniumGreed,I am worried about the future.,"<!-- SC_OFF --><div class=""md""><p>For those who don’t know, there is generally agreed to be a recession coming within the next couple of years. I’ve heard many say it’ll rival the Great Depression because of how many regulations are done away with, how much Trump’s tariffs only exacerbate the issue, etc. Not to mention the impending threats of globalization and automation to our global economy, which only add insult to injury. This’ll also be my first adult recession. </p> <p>My dad owns a small",https://www.reddit.com/r/needadvice/comments/9onsvq/i_am_worried_about_the_future/,personal injury,,,2018-10-16T13:51:33+00:00,0,0,
high,reddit,needadvice,/u/Timhornton,Fender Bender Victim,"<!-- SC_OFF --><div class=""md""><p>I was rear ended the other day. No serious injury just a sore neck and sore back but haven't consulted a doctor yet since I'm out of town. I have been unable to enjoy my vacation because I am so stiff and sore. The vehicle was not mine so I don't have to worry about it. I'm in a &quot;no-fault state&quot; but I live in a fault state. The insurance company of the person that hit me said that it was their client's fault. My lawyer said I could get $10,000 for this",https://www.reddit.com/r/needadvice/comments/5ox4e3/fender_bender_victim/,personal injury,,,2017-01-19T15:20:22+00:00,0,0,
high,reddit,needadvice,/u/wobby83,"I'm ten years removed from a very traumatic injury, how can I get back into shape?","<!-- SC_OFF --><div class=""md""><p>I had always been an active, athletic person. Played sports into college and rocked a fairly healthy body on a 6'3'' frame.Got into a bad car accident at age 20 and shrunk down to 160 lbs. Was about that size for nearly a year, always uncomfortable in feeling weak and just feeling too 'bony,' until i was finally able to start putting on some weight. Unfortunately I put on too much weight and setbacks from the original injuries made it impossible to resume the ac",https://www.reddit.com/r/needadvice/comments/4re4le/im_ten_years_removed_from_a_very_traumatic_injury/,personal injury,,,2016-07-05T18:30:03+00:00,0,0,
high,reddit,needadvice,/u/Injuredanddepressed,Injuries have me sinking into depression fast and I need help.,"<!-- SC_OFF --><div class=""md""><p>Hey there so as the title suggests I was injured about a month and a half ago at my job(I work as crew in the film industry). I broke my foot in 2 places and have been in a cast and crutches ever since. Fast forward to New Year's Eve day, I was in the front seat of a taxi when He blew through a red light and t-boned another vehicle, I sustained major whiplash, nerve damage, as well as a list of other problems as well it also re injured my foot and undid any heal",https://www.reddit.com/r/needadvice/comments/428lxs/injuries_have_me_sinking_into_depression_fast_and/,personal injury,,,2016-01-23T01:03:37+00:00,0,0,
high,reddit,needadvice,/u/medicmini,My dog bit a little girl who was walking to school. Bite was bad. I’m not sure what my next step is towards the legal stuff. Full details below. Appreciate the patience for anyone who can take the time to read. Ty,"<!-- SC_OFF --><div class=""md""><p>I moved into a garage apartment 6 months ago. Left an abusive relationship to start a new healthier life. Took in the injured stray that was at the property. He became my best friend and a source of therapy. Was the reason I got out of bed every day. He didn’t show aggression. Played well with the other 2 dogs on the property. Did well around my younger sisters, landlords small kids, my parents, and everyone else who came around. Last Thursday as we were coming ",https://www.reddit.com/r/needadvice/comments/al2enc/my_dog_bit_a_little_girl_who_was_walking_to/,looking for attorney,,,2019-01-29T17:35:20+00:00,0,0,
high,reddit,needadvice,/u/Philthy42,My insurance company is holding me liable for an accident that I know in no way was my fault. Is there anything I can do?,"<!-- SC_OFF --><div class=""md""><p><strong>EDIT (1/24/14) - I spoke with a manager at the insurance company, who agrees there is not enough evidence to show me at fault, and my policy now shows this as a non fault accident.</strong></p> <p>I posted this on <a href=""https://www.reddit.com/r/insurance"">/r/insurance</a>, but there are many more people here.</p> <p>This is the intersection the accident happened at: <a href=""http://tinyurl.com/pjeawtb"">http://tinyurl.com/pjeawtb</a></p> <p>I was trave",https://www.reddit.com/r/needadvice/comments/1w09p2/my_insurance_company_is_holding_me_liable_for_an/,looking for attorney,,,2014-01-24T04:24:41+00:00,0,0,
medium,reddit,legaladvice,/u/Secret_Fail_4826,Bodily Injury claim 3 years later,"<!-- SC_OFF --><div class=""md""><p>&#x200b;</p> <p>Location: Colorado</p> <p>First, I'm aware a lawyer will be needed for this but just wanted to get some thoughts and impressions or suggestions. A family member (FM) in Colorado was involved in a collision at an intersection about 35 months ago. It sounds like my FM is at fault as they pulled out from a stop sign without clearing the intersection. At the time, info was exchanged and the other driver advised my FM police and EMS were not needed. M",https://www.reddit.com/r/legaladvice/comments/1qf2vth/bodily_injury_claim_3_years_later/,injury attorney,,,2026-01-17T03:58:41+00:00,0,0,
medium,reddit,legaladvice,/u/No_Jury_8903,Slip and Fall,"<!-- SC_OFF --><div class=""md""><p>Location: Wayne county, Michigan </p> <p>Hello everyone, I’m looking for some advice on behalf of my mother who is 65 y/o. Back in January of 2024, she had a slip and fall at a major grocery chain store. As she was exiting the building, she slipped on a patch of ice and dislocated her shoulder and completely tore her hamstring to the point that reconstructive surgery isn’t even a viable option. She was in the store less than 15 mins and was the only person to sl",https://www.reddit.com/r/legaladvice/comments/1qaxhcv/slip_and_fall/,injury attorney,,,2026-01-12T15:13:55+00:00,0,0,
medium,reddit,legaladvice,/u/whatever-lolx,Emancipation,"<!-- SC_OFF --><div class=""md""><p>Hi Reddit. I'm a 16yo female from Colorado and I need advice and as much help as I can get. My parents divorced when I was 4yo, and it was pretty messy. There was lots of domestic violence, physical, verbal, and sexual abuse. Once they separated, my mother won primary custody over me, and it was agreed that I see my dad every other Friday and be returned Sunday night. Since that, there's been countless CPS reports made, my mother was incredibly physically and ve",https://www.reddit.com/r/legaladvice/comments/1qewnv0/emancipation/,car accident lawyer,,,2026-01-16T23:54:22+00:00,0,0,
medium,reddit,legaladvice,/u/ishboop,"My brother used my old drivers license to rent a car and got into an accident, now the other driver is suing","<!-- SC_OFF --><div class=""md""><p>Just like the title says, my asshole of a brother used my id to rent a car and ended up destroying the other persons car. Now they are suing me for $25,000, and my license is suspended because of it. I did have some other tickets but I paid those off.. how could I get my drivers license unsuspended ? I'm gonna get a lawyer to help me with this situiation.. but anyone have any advice? the dmv said I should have claimed my id stolen.. but I could probably prove th",https://www.reddit.com/r/legaladvice/comments/1qdzrzc/my_brother_used_my_old_drivers_license_to_rent_a/,car accident lawyer,,,2026-01-15T23:39:55+00:00,0,0,
medium,reddit,legaladvice,/u/Livibaked420,Landlord charging $500/mo for a dirt patch; exploited me for food/childcare. Do I have a case for rent recovery? (NYS),"<!-- SC_OFF --><div class=""md""><p>Location: NYS</p> <p>I need advice on an exploitative tenancy in Madison County, NY. For 17 months, I paid $500/month ($8,500 total) to park my camper on a 660 sq. ft. dirt lot owned by a family member.</p> <p>The Background: I moved in under the promise of a &quot;community&quot; environment. For the first year, I subsidized the group by buying bulk groceries and providing meals for all adults. I even bought the communal dinnerware and critter-proof storage bin",https://www.reddit.com/r/legaladvice/comments/1qbt6cw/landlord_charging_500mo_for_a_dirt_patch/,personal injury,,,2026-01-13T14:45:40+00:00,0,0,
medium,reddit,legaladvice,/u/UpperPhotograph917,Desperately need maybe legal advice?,"<!-- SC_OFF --><div class=""md""><p>Location: Smoky mountains east TN. </p> <p>So, this is A LOT to unpack and I’m desperately in need of advice. I so appreciate whoever takes the time to read this. </p> <p>Let me start from the beginning when my husband and I bought a basically brand new truck off the lot in Jan ‘25. The current truck we had was a newer model truck (‘19) but it was having some mechanical issues that were very sudden and very costly. While it sat in the automotive shop for a few d",https://www.reddit.com/r/legaladvice/comments/1qasic7/desperately_need_maybe_legal_advice/,personal injury,,,2026-01-12T11:30:31+00:00,0,0,
medium,reddit,legaladvice,/u/Potential_Talk_2998,$4500 “STOLEN”? #florida,"<!-- SC_OFF --><div class=""md""><p>Hi guys, i Need legal advice for a job i did, the client is claiming i stole money from them when i did half the job because they only paid half for. I have pictures i did the job and the client got disrespectful. I have pictures of me doing work and being there as well as my workers doing their work. There is no contract just my signature on a paper saying they paid me half. Now they are constantly harassing me and telling me i need to pay back they went to my ",https://www.reddit.com/r/legaladvice/comments/1qgi2rg/4500_stolen_florida/,need lawyer,,,2026-01-18T19:37:09+00:00,0,0,
medium,reddit,legaladvice,/u/aFrogOnCroak,Arrested on 2 charges last night - Looking for guidance on Tampering and public drunkness charges in New Orleans.,"<!-- SC_OFF --><div class=""md""><p>Location: New Orleans Louisiana</p> <p>Hello Legal advice. Never thought I'd find myself posting here but here we are. I'm currently in NOLA on a 4 day bachelor party trip. I was out on bourbon Street and opened the back door of a police vehicle and then closed it and apologized. He then was rough with me and handcuffed me and brought me to the station. I sat there for 2 hours and they didn't talk to me, didn't let me go to the bathroom, didn't explain why I was",https://www.reddit.com/r/legaladvice/comments/1qggtnp/arrested_on_2_charges_last_night_looking_for/,need lawyer,,,2026-01-18T18:50:01+00:00,0,0,
medium,reddit,legaladvice,/u/Lazy_Art_2226,Please help! NYC Lawyer/ Housing Lawyer Recommendations/ legal help and advice,"<!-- SC_OFF --><div class=""md""><p>looking for legal advice for New York City housing debt situation, I’m an immigrant/ woman of color, and due to a change in career don’t have the means to address the below: </p> <p>Location: New York City </p> <p>TLDR: my ex did not pay rent at the apt that we signed a two year lease together during our relationship and after we broke up. the apartment company sued us and entered a money judgement end of 2024. i hired a lawyer to vacate this judgement and got a",https://www.reddit.com/r/legaladvice/comments/1qftmtf/please_help_nyc_lawyer_housing_lawyer/,need lawyer,,,2026-01-18T00:25:38+00:00,0,0,
medium,reddit,legaladvice,/u/Professional_Club148,Non-profit breach of fiduciary duty,"<!-- SC_OFF --><div class=""md""><p>Location: New Jersey</p> <p>I just completed 3 terms (6 years) as treasurer on a small non-profit board and decided not to continue another term. I always thought there was not enough oversight of the funds on the bills that were submitted and approved by the board. I attended my last meeting recently and voiced my opinion (calmly and non-accusatory) and made suggestions of how things could be better and go back to years ago when it was thriving. No one ever pay",https://www.reddit.com/r/legaladvice/comments/1qfflr1/nonprofit_breach_of_fiduciary_duty/,looking for attorney,,,2026-01-17T15:09:52+00:00,0,0,
medium,reddit,legaladvice,/u/Frosty_Condition6764,I’ve been given a citation for shoplifting from Walmart,"<!-- SC_OFF --><div class=""md""><p>Location: Arkansas I need advice. I am horrified and scared, I’ve visited with 6 attorneys today, but I need unbiasedness. I have no prior criminal history. I was scanning my items and a red light came on the checkout counter counter, and I asked a Walmart employee to come look at it and he said that nothing showed up for him and that I was good to go, and then continued to talk to me about just random things while I continued scanning. It was a man (I’m a young",https://www.reddit.com/r/legaladvice/comments/1qevw7a/ive_been_given_a_citation_for_shoplifting_from/,looking for attorney,,,2026-01-16T23:26:40+00:00,0,0,
medium,reddit,legaladvice,/u/wmartanon,"Dealership not refunding extended warranty on time, violating contract. What are my responsibilities?","<!-- SC_OFF --><div class=""md""><p>Location: Texas</p> <p>TLDR:<br /> Looking for advice on what my responsibilities are to chase my refund after extended warranty contract was cancelled. Dealership is past due date. They pay 10% ($400+) penalty every month starting 2/1. I feel i've given plenty of reminders and attempts of refunding, am i required to hound them or can I let them stack up penalties?</p> <p>-----</p> <p>Extended warranty was cancelled on 12/16/2025. I got a confirmation on 12/17/2",https://www.reddit.com/r/legaladvice/comments/1qeocen/dealership_not_refunding_extended_warranty_on/,looking for attorney,,,2026-01-16T18:40:40+00:00,0,0,
medium,reddit,AskLawyers,/u/sdmomto4,Family law advice California,"<!-- SC_OFF --><div class=""md""><p>Looking for advice in California.</p> <p>My ex-husband, the father of our two children (ages 13 and 16), is currently going through a divorce with his wife of five years.</p> <p>A few nights ago, his wife was standing outside my 13-year-old daughter’s sliding glass door while on the phone with an unknown person. She was intentionally speaking loudly so my daughter could hear her. During the call, she made extremely disturbing and hateful statements about both of",https://www.reddit.com/r/AskLawyers/comments/1q71s6d/family_law_advice_california/,car accident lawyer,,,2026-01-08T04:08:27+00:00,0,0,
medium,reddit,AskLawyers,/u/ThoraTheThor,Adult adoption,"<!-- SC_OFF --><div class=""md""><p>Here in Oregon, my (34F) dad(55M) and I learned about adult adoption. My bio dad dipped 33 years ago, and 32 years ago my dad swooped in. My mom and him aren’t even married anymore, but he still plays Halo with me most nights, helps me with my car, gives good advice, all that good dad shit.</p> <p>I went to my local county courthouse today to see about getting some weight for my dad behind that title. He’s entirely on board, too. Agreed now that we know about it",https://www.reddit.com/r/AskLawyers/comments/1q08zxx/adult_adoption/,car accident lawyer,,,2025-12-31T09:30:34+00:00,0,0,
medium,reddit,AskLawyers,/u/firefighter40322,Passed over for promotion.,"<!-- SC_OFF --><div class=""md""><p>A little background, I am a firefighter and have been for a little less than 15 years. </p> <p>I studied my butt off and scored high enough to get picked for promotion to Captain from a firefighter. They were promoting 5 and I was number 3 on the over all list. They promoted 1,2,4,5,6. They passed me over without an actual reason. I asked my chief for a meeting so I can figure out what I did to be passed over on the recommendation from my union but it was denied",https://www.reddit.com/r/AskLawyers/comments/1pheh7l/passed_over_for_promotion/,personal injury,,,2025-12-08T14:57:57+00:00,0,0,
medium,reddit,AskLawyers,/u/dmadamdam,NY defamation lawyer recommendation needed,"<!-- SC_OFF --><div class=""md""><p>Hi there - does anyone have a recommendation for a lawyer that specializes in slander/liable/defamation in New York State? My family member is being falsely accused of something on social media (there is security camera footage that prove the claim was made up). In addition to the false claims, the accuser is doxxing my family member. We would really appreciate any recommendations</p> </div><!-- SC_ON --> &#32; submitted by &#32; <a href=""https://www.reddit.com/",https://www.reddit.com/r/AskLawyers/comments/1qdye5u/ny_defamation_lawyer_recommendation_needed/,need lawyer,,,2026-01-15T22:44:33+00:00,0,0,
medium,reddit,AskLawyers,/u/ZookeepergameOk9959,Custody/Parenting time change advice,"<!-- SC_OFF --><div class=""md""><p>Mom in Michigan and need advice if possible. First I ask for no judgement or mean comments. I have 4 daughters. 2 from my 1st marriage (they are adults now) and 2 from my second. We have been divorced for 7 years. During my second divorce I had a mental health crisis and things got way out of control. Bad choices were made, I coped by using drugs and drinking. Got into some legal trouble and before divorce was finalized asked both fathers to take custody while I",https://www.reddit.com/r/AskLawyers/comments/1q8w5we/custodyparenting_time_change_advice/,need lawyer,,,2026-01-10T05:51:22+00:00,0,0,
medium,reddit,AskLawyers,/u/redditorcle,Can employer ask for medical diagnosis - reasonable accomadation context?,"<!-- SC_OFF --><div class=""md""><p>Edit: I have regrets about posting here. The people that decided not to answer the specific question (and changed the topic or added judgment or other irrelevant comments) got upvoted and I got downvoted with my replies across the board. When I replied, I received very little in return. And when I finally got lawyer advice outside of this group, it was &quot;stick with your approach&quot; and not any of the gibberish below. This is <a href=""https://www.reddit.co",https://www.reddit.com/r/AskLawyers/comments/1q7fi5h/can_employer_ask_for_medical_diagnosis_reasonable/,need lawyer,,,2026-01-08T15:58:21+00:00,0,0,
medium,reddit,AskLawyers,/u/LeblakeGovind,Best affordable online lawyer in the US? Looking for low cost Legal help,"<!-- SC_OFF --><div class=""md""><p>I’m trying to find affordable online legal help in the US and was wondering if anyone here has real experience with low-cost lawyers or legal platforms.</p> <p>I don’t need anything super complex just basic legal advice / document review and traditional lawyers are way out of my budget. I’ve seen services that offer online consultations, flat fees, or subscription plans, but it’s hard to tell which ones are actually worth it.</p> <p>If you’ve used an online lawy",https://www.reddit.com/r/AskLawyers/comments/1q5kd93/best_affordable_online_lawyer_in_the_us_looking/,need lawyer,,,2026-01-06T14:40:39+00:00,0,0,
medium,reddit,AskLawyers,/u/ignatius4thepeople,Should we get a second opinion? (criminal defense case),"<!-- SC_OFF --><div class=""md""><p>Location: Georgia, USA</p> <p>Hi all,</p> <p>I’m seeking advice to support a family member who is facing a serious criminal defense case. At her request, I’ve been helping coordinate with her lawyer and navigate legal decisions. We’re about 1.5 months post-discovery and are starting to question whether her current legal representation is adequate, or whether we should seek a second opinion or consider switching attorneys (if it isn’t risky).</p> <p>The case is c",https://www.reddit.com/r/AskLawyers/comments/1qdvu5c/should_we_get_a_second_opinion_criminal_defense/,looking for attorney,,,2026-01-15T21:07:20+00:00,0,0,
medium,reddit,AskLawyers,/u/Educational-Sun-1122,"Seeking counsel for private loan recovery (230K) involving potential ""usury trap""","<!-- SC_OFF --><div class=""md""><p>**This is cross posted**<br /> Location - Tallahassee, FL</p> <p>I am looking for a law firm in <strong>Tallahassee, FL</strong>, to assist with a high-value private loan recovery. I have a written note and bank records for the principal amount lent to a friend.</p> <p>After suggestions from multiple forums I started to build a paper trail for the loan amount given to him but borrower is now attempting to &quot;restructure&quot; the debt with a paper trail for h",https://www.reddit.com/r/AskLawyers/comments/1qbd99t/seeking_counsel_for_private_loan_recovery_230k/,looking for attorney,,,2026-01-13T01:03:04+00:00,0,0,
medium,reddit,AskLawyers,/u/Dapper_Cancel_6849,"Defendant is in the U.S., plaintiff is abroad. Lawyer says we must find his address ourselves to serve him. Is this correct?","<!-- SC_OFF --><div class=""md""><p>Hello,<br /> I’m looking for general legal guidance on procedure, not specific legal advice.</p> <p>We are filing a civil case in Lebanon regarding property that was taken by a family member (my uncle). He is currently living in the United States, while we (the plaintiffs) are in Lebanon.</p> <p>Our lawyer told us that the case cannot move forward unless the defendant is formally notified (served/warned), and that <em>we</em> are responsible for finding his curr",https://www.reddit.com/r/AskLawyers/comments/1q6nerw/defendant_is_in_the_us_plaintiff_is_abroad_lawyer/,looking for attorney,,,2026-01-07T18:30:51+00:00,0,0,
medium,reddit,insurance,/u/misssy,Had a minor collision and the other party is claiming injuries in excess of my insurance coverage. Do I need an attorney?,"<!-- SC_OFF --><div class=""md""><p>Thanks, all! Got some great advice. Appreciate all of you.</p> </div><!-- SC_ON --> &#32; submitted by &#32; <a href=""https://www.reddit.com/user/misssy""> /u/misssy </a> <br /> <span><a href=""https://www.reddit.com/r/Insurance/comments/1q6jt49/had_a_minor_collision_and_the_other_party_is/"">[link]</a></span> &#32; <span><a href=""https://www.reddit.com/r/Insurance/comments/1q6jt49/had_a_minor_collision_and_the_other_party_is/"">[comments]</a></span>",https://www.reddit.com/r/Insurance/comments/1q6jt49/had_a_minor_collision_and_the_other_party_is/,injury attorney,,,2026-01-07T16:22:17+00:00,0,0,
medium,reddit,insurance,/u/ohBlurr,need help with a case.,"<!-- SC_OFF --><div class=""md""><p>hey all. would just like some recommendations or help regarding a wreck i was involved in. </p> <p>So august 13th i bought a motorcycle, i did not have insurance on it. this happened in indiana, and they have a 30 day grace period before needing insurance is necessary. i was working on the airport and my plan after work was to drive the bike home (stupid decision i know.) as i was leaving the airport gate, i had a coworker in a work truck in front of me that i w",https://www.reddit.com/r/Insurance/comments/1ppg3jf/need_help_with_a_case/,need lawyer,,,2025-12-18T03:01:34+00:00,0,0,
medium,reddit,insurance,/u/Proud_Owl_7852,SIU HOI Claim Clarification,"<!-- SC_OFF --><div class=""md""><p>I was wondering if anyone could have any insight for me about this situation,</p> <p>So like I have made a couple posts about this, but I’m just curious as to what happened if anyone has any insight. </p> <p>A toilet in my house got clogged and water flew out of it with bunch of icky stuff. I don’t know much but from what I was told it was Category 3 since there was feces in the water. I made a claim since someone I trust recommended me to since a lot of damage ",https://www.reddit.com/r/Insurance/comments/1ppecm6/siu_hoi_claim_clarification/,need lawyer,,,2025-12-18T01:35:59+00:00,0,0,
medium,reddit,insurance,/u/Beneficial_General78,House Fire,"<!-- SC_OFF --><div class=""md""><p>Good afternoon everyone. Looking for general advice on whether I may have a viable legal claim.</p> <p>In March 2025, my heating/oil company performed an annual furnace service at my home. About 10 minutes after the technician left, a fire started in my basement. It was later determined that a nozzle had been improperly connected during the service. The company admitted fault and stated their insurance would handle it.</p> <p>Instead of proper remediation, the c",https://www.reddit.com/r/Insurance/comments/1pytwy5/house_fire/,looking for attorney,,,2025-12-29T18:26:19+00:00,0,0,
medium,reddit,insurance,/u/Old-Tip-9356,Government vehicle accident (Texas) — TTCA deadline approaching. How do injury claims usually work with county agencies?,"<!-- SC_OFF --><div class=""md""><p>Body: Looking for insight from adjusters or people who’ve handled government-vehicle claims. I was hit (as a pedestrian) by a Harris County Precinct 7 Constable patrol vehicle on 12/13/2023 in Houston. No lights/sirens. Pain developed a few days later and has continued since. Doctors recommended therapy. I recently learned about the two-year Texas Tort Claims Act deadline and mine is approaching soon. My questions for this sub: • How do county/government insuran",https://www.reddit.com/r/Insurance/comments/1pjcscu/government_vehicle_accident_texas_ttca_deadline/,looking for attorney,,,2025-12-10T19:59:01+00:00,0,0,
medium,reddit,insurance,/u/FrazzledJobSeeker,Reckless driver causes fender bender…need advice,"<!-- SC_OFF --><div class=""md""><p>Hey all, sorry for the lengthy post but it comes with much regret that I’m on here seeking advice (preferably from those with a legal or auto insurance background) on this mishap. Note: I have dash cam footage of this whole occurrence both front and rear.</p> <p>Last weekend I was casually driving with my wife and kids to meet some friends for lunch. We were on a two way street with a single lane in each direction and I noticed a car continuously tailing me and ",https://www.reddit.com/r/Insurance/comments/1o3og15/reckless_driver_causes_fender_benderneed_advice/,looking for attorney,,,2025-10-11T06:30:52+00:00,0,0,
medium,reddit,insurance,/u/Kaybee7467,Rare condition and off label medication,"<!-- SC_OFF --><div class=""md""><p>My son has a neuropsychatric condition that is complicated by a rare genetic condition. National genetic experts have recommended a medication but insurance has denied it due to not having the use case for it and it being used off label instead. They offered no alternatives. There are no alternatives.</p> <p>The medication for a starting dose is nesr $40,000 without insurance. </p> <p>I have appealled it through insurance and had a state hearing (medicad). All a",https://www.reddit.com/r/Insurance/comments/1ncycsb/rare_condition_and_off_label_medication/,looking for attorney,,,2025-09-09T23:18:20+00:00,0,0,
medium,reddit,caraccidents,/u/Spirit298,Getting scammed,"<!-- SC_OFF --><div class=""md""><p>I need advice. I very lightly scraped a car in a parking lot. There were 2 scammers in the lot who saw this happen. So they went from store to store looking for the owner making a big deal about it. I'm assuming they offered their services at witnesses.</p> <p>When I talked to the guy, we exchanged insurance info. But when I asked for an insurance estimate, he said he'd settle for a few hundred, because it was a minor scratch of just paint.</p> <p>A week later h",https://www.reddit.com/r/caraccidents/comments/1c35z1m/getting_scammed/,looking for attorney,,,2024-04-13T16:32:33+00:00,0,0,
medium,reddit,needadvice,/u/veronniemora,What Do I Do? I Got Into a Car Accident,"<!-- SC_OFF --><div class=""md""><p>I (24f) am very lost on what to do after I crashed my car yesterday. I understand this is probably just a run of the mill problem, I can recognize my ineptitude when it comes to this. I am really bad at asking for advice, I was always told to figure things out on my own growing up, and while that childhood lesson has helped in some situations, in most situations it has really hindered me; so I am attempting to ask for help, and I don't have a very big support sy",https://www.reddit.com/r/needadvice/comments/fqsljk/what_do_i_do_i_got_into_a_car_accident/,car accident lawyer,,,2020-03-28T21:08:00+00:00,0,0,
medium,reddit,needadvice,/u/deliberatesabotage,"My mother is severely Bipolar and not taking her medication, but continuously denies not doing so. How do I confront her to think rationally and get back on her regimen?","<!-- SC_OFF --><div class=""md""><p>Hi <a href=""https://www.reddit.com/r/advice"">/r/advice</a>,</p> <p>I need guidance here. My mother is a kind and generous, if not overbearing and ultra sensitive, person who happens to have Bipolar disorder. She was hospitalized four years ago for a few months around Thanksgiving time after throwing a metal chair at my father while he lay asleep, triggering them to separate for a few weeks before she was arrested.</p> <p>I am an only child (26 years old) and wit",https://www.reddit.com/r/needadvice/comments/5c2yps/my_mother_is_severely_bipolar_and_not_taking_her/,personal injury,,,2016-11-09T18:59:58+00:00,0,0,
medium,reddit,needadvice,/u/13OCTOBER2019,"I'm terminal. Orphan, no family worth considering. Want to leave my home to a friend. Can I add my friend to the title now so there's no probate bullshit ? Do they have to know/be involved ahead of time? I want it to be a surprise. [Colorado, USA]","<!-- SC_OFF --><div class=""md""><p>[edit: wow this blew up. FAQs so far after 12 hours:</p> <p>people are so kind. I get a warm feeling from all the care; the good wishes and the high quality practical advice and support.</p> <p>I'm fine, really. I just needed to get this settled so I could start the bucket list, and I'm going to squeeze every bit of awesomeness I can out of this life while I have it, I'm not going to rush things or quit early.</p> <p>I am going to talk with a lawyer, and probabl",https://www.reddit.com/r/needadvice/comments/z4ugnj/im_terminal_orphan_no_family_worth_considering/,need lawyer,,,2022-11-26T01:35:13+00:00,0,0,
medium,reddit,needadvice,/u/counterfeitPRECISION,Moving outside the city?,"<!-- SC_OFF --><div class=""md""><p>tl; dr: Live in city, work in city, want to move 65km (37mi) out of city and still work in city, is commute realistic, what are your experiences, is this manageable?</p> <p>Looking for advice from anyone, but mostly from people who either:</p> <ol> <li>Live further away from their work (50km+; 30miles+);</li> <li>Have longer commute times (~45 minutes to 1 hour one way, up to 2 hours daily total or more);</li> <li>Live in a rural area and work in a city;</li> <l",https://www.reddit.com/r/needadvice/comments/b0xlyu/moving_outside_the_city/,need lawyer,,,2019-03-14T07:58:30+00:00,0,0,
medium,reddit,needadvice,/u/Mimimibeauty,construction lawyer,"<!-- SC_OFF --><div class=""md""><p>Help me with a name of a good Virginia construction lawyer. I need to hire a lawyer. The company did a bad service on our house and we want to sue this construction company. Also, do you know an expert witness? Thanks in advance.</p> </div><!-- SC_ON --> &#32; submitted by &#32; <a href=""https://www.reddit.com/user/Mimimibeauty""> /u/Mimimibeauty </a> <br /> <span><a href=""https://www.reddit.com/r/needadvice/comments/7si9ek/construction_lawyer/"">[link]</a></span>",https://www.reddit.com/r/needadvice/comments/7si9ek/construction_lawyer/,need lawyer,,,2018-01-23T22:17:32+00:00,0,0,
medium,reddit,needadvice,/u/wileycoyote619,I'm a USA immigration attorney going solo and looking for creative ways to get clients. Any advice?,"&#32; submitted by &#32; <a href=""https://www.reddit.com/user/wileycoyote619""> /u/wileycoyote619 </a> <br /> <span><a href=""https://www.reddit.com/r/needadvice/comments/2pm5z0/im_a_usa_immigration_attorney_going_solo_and/"">[link]</a></span> &#32; <span><a href=""https://www.reddit.com/r/needadvice/comments/2pm5z0/im_a_usa_immigration_attorney_going_solo_and/"">[comments]</a></span>",https://www.reddit.com/r/needadvice/comments/2pm5z0/im_a_usa_immigration_attorney_going_solo_and/,looking for attorney,,,2014-12-17T21:24:03+00:00,0,0,
medium,reddit,needadvice,/u/cassie8796,Need advice to help my daughter with two issues.,"<!-- SC_OFF --><div class=""md""><p>Good Morning! My daughter graduated with Honors from high school this year with other awards and academic achievements. I'm so very proud of her! She is kind, intelligent, hard-working, great morals and is very goal-orientated. She has been accepted into a wonderful top college where she will study Psychology specializing in Mental Disorders.</p> <p>Advice 1: We are located in Michigan. In our divorce agreement, it states that my ex pays child support until she ",https://www.reddit.com/r/needadvice/comments/28g6xp/need_advice_to_help_my_daughter_with_two_issues/,looking for attorney,,,2014-06-18T10:37:40+00:00,0,0,
medium,reddit,needadvice,/u/brentkb903,"Please I need pointed in the right direction. At the end of my rope. Dying Relative, Drug addict, Ice Storm.","<!-- SC_OFF --><div class=""md""><p>I'm not looking for legal advice, but I desperately need pointed in the right direction on who to contact. Here are the details of recent events that are slowly killing me with stress:</p> <p>My great aunt (74) has slowly declined in health over the last year since her husband passed away. They always had a bunch of money, and it turns out the last 2 groups of family to tend her (son #1 &amp; daughter in law, then distant cousins) have cared more for her money t",https://www.reddit.com/r/needadvice/comments/1sakma/please_i_need_pointed_in_the_right_direction_at/,looking for attorney,,,2013-12-07T03:30:28+00:00,0,0,
medium,reddit,needadvice,/u/amadorUSA,A moving company refuses to provide me with a receipt for a cash payment. Is there a way to force them to?,"<!-- SC_OFF --><div class=""md""><p>UPDATE: Case solved. They still had the epic-size balls to ask for a 5-star Yelp review though.</p> <p>Hello Reddit. I recently moved from Southern to Northern California. The moving company I used has refused to acknowledge a large cash payment with a receipt after declining to accept other forms of payment they said would be available for me. I was wondering if you could offer any advice on ways to compel the company to send me this receipt. Secondarily, I was",https://www.reddit.com/r/needadvice/comments/1031zk/a_moving_company_refuses_to_provide_me_with_a/,looking for attorney,,,2012-09-18T16:09:20+00:00,0,0,
low,reddit,legaladvice,/u/shhhyoudontknowme4,NYS order of protection question,"<!-- SC_OFF --><div class=""md""><p>Location: USAupstate ny</p> <p>please help me give me some serious guidance </p> <p>Hi I’m going to be vague but give little detail. So let’s say hypothetically. Someone was to get an order of protection place on them due to a stabbing with no life threatening injuries. It’s was violated and had to do 6 months in jail in 2025 for it. Then fast forward to Dec of 25’ a DV accusation happened between the person who was stabbed and the suspect and the cops were call",https://www.reddit.com/r/legaladvice/comments/1qe7cba/nys_order_of_protection_question/,injury attorney,,,2026-01-16T05:24:15+00:00,0,0,
low,reddit,legaladvice,/u/missmurderith1,"Siding Incorrect color, HOA enforcing replacement","<!-- SC_OFF --><div class=""md""><p>Location: Maryland</p> <p>Hi, we hired a contractor who sold, financed, and installed siding on our townhouse. The name of the color was right, but the color itself was very wrong. We ordered a medium orange brown, received a grey. We live in an HOA and they are enforcing replacement.</p> <p>Long story short, who can we go after, manufacturer or contractor?</p> <p>Short story long, here are details:</p> <p>The sales process was at night and indoors. Due to the l",https://www.reddit.com/r/legaladvice/comments/1qe39cr/siding_incorrect_color_hoa_enforcing_replacement/,injury attorney,,,2026-01-16T02:10:25+00:00,0,0,
low,reddit,legaladvice,/u/PunkPuck,California - Landlord refusing tenant access after fire and serving 10-day eviction notice simultaneously,"<!-- SC_OFF --><div class=""md""><p><code>Location: California</code> </p> <p>Hey everyone! Looking for help on a few things here - as this situations seems to get more complicated every day.</p> <p>Long story short, my girlfriend's family's home caught on fire on Dec 24th in <strong>Chula Vista (San Diego) (California)</strong> and they're no longer able to occupy it due to damage / smoke. Since then, the landlords of the property have refused to let them back in for their belongings, refused to ",https://www.reddit.com/r/legaladvice/comments/1qd6wck/california_landlord_refusing_tenant_access_after/,injury attorney,,,2026-01-15T02:12:01+00:00,0,0,
low,reddit,legaladvice,/u/BeneficialCable3351,Wrongly accused - advice please,"<!-- SC_OFF --><div class=""md""><p>Location: Texas Long story trying to make short- I am a residential GC in Texas , have had my company since 2008. All my trades are “sub contractors” I have no actual employees. Back in 2016 I sold one of my dump trailers to a roofer I frequently subcontract for roofing. We did a bill of sale and he immediately had the title and registration put in his name . At the time I still had my company name on 1 side of the trailer bc I could not get it off, the guy said",https://www.reddit.com/r/legaladvice/comments/1qb51ci/wrongly_accused_advice_please/,injury attorney,,,2026-01-12T19:44:54+00:00,0,0,
low,reddit,legaladvice,/u/Wazzzup3232,Had a Customer Crash a Car During a Test Drive,"<!-- SC_OFF --><div class=""md""><p>Hello</p> <p>Location: Idaho</p> <p>I work in at a car dealership and a customer crashed a car while we were on a demo drive.</p> <p>I couldn’t see the speedometer but we were getting back onto the freeway and he overcorrected heavily when the back kicked out a little bit (550HP car)</p> <p>We slid off the freeway, caught maybe 10 feet of air and had a high speed impact off the road fully tilted into a tree.</p> <p>My GM is handling the internal stuff with our i",https://www.reddit.com/r/legaladvice/comments/1q9m5fs/had_a_customer_crash_a_car_during_a_test_drive/,injury attorney,,,2026-01-11T01:36:07+00:00,0,0,
low,reddit,legaladvice,/u/bethesaurusrex,Hit and run car accident in Virginia. I live in New Jersey. Subpoenaed as witness,"<!-- SC_OFF --><div class=""md""><p>Location: New Jersey / Virginia </p> <p>Going to be somewhat vague on exact locations to avoid people being able to identify me or the person who hit me.</p> <p>In December I was driving home from North Carolina, through Virginia when I was head on collisioned off the road on a two-lane highway about to go into a small town. The driver of the other car hit me (was on radar at 101mph prior to the crash), then fled on foot and has been detained. My car was totaled",https://www.reddit.com/r/legaladvice/comments/1q8al8j/hit_and_run_car_accident_in_virginia_i_live_in/,injury attorney,,,2026-01-09T15:03:28+00:00,0,0,
low,reddit,legaladvice,/u/RefrigeratorOk6907,Subrogation Letter,"<!-- SC_OFF --><div class=""md""><p>Location: Michigan</p> <p>Hello,</p> <p>I broke my arm in May 2025 on my grandparents property. Instead of paying from his own pocket, he used his home insurance to pay the maximum he could, $1000 towards the portion I owed on my er visit, surgery, tests, and follow ups. I recieved the below letter from a company called Katch. Can anyone advise me on if I need to meet with a lawyer? Insurance? I'm lost and very nervous.</p> <p>&quot;Dear, ---</p> <p>The above he",https://www.reddit.com/r/legaladvice/comments/1q6sg94/subrogation_letter/,injury attorney,,,2026-01-07T21:36:11+00:00,0,0,
low,reddit,legaladvice,/u/CheeseBGreat,Help! Court date in 3 weeks LA,"<!-- SC_OFF --><div class=""md""><p>Hiya all,</p> <p>I’m a UK based individual who was on vacation to Los Angeles back in September. </p> <p>I and a friend were both charged with reckless driving after my friend did donuts in a car park. Police officer claimed he saw both cars but I was driving a 4wd vehicle at less than 5mph into a parking bay. Both cars were towed at the time. The issue I’m having currently is that I cannot afford an attorney (quotes of $1500) after paying the impound costs and ",https://www.reddit.com/r/legaladvice/comments/1q6n87l/help_court_date_in_3_weeks_la/,injury attorney,,,2026-01-07T18:24:27+00:00,0,0,
low,reddit,legaladvice,/u/pretty_sparkle,Looking for legal advice about an injury claim towards my city!,"<!-- SC_OFF --><div class=""md""><p>Location: Idaho</p> <p>On Jan 1st at night my partner was riding a lime scooter home (he was not being reckless and he was following all our city laws) He was on the sidewalk (which is allowed in our city) and had made it almost home when he hit a really weird unmarked curb. Witnesses saw him hit the curb, go flying, and land on his face. He ended up with 2 broken teeth, a concussion, wounds all over his face, and his tooth went completely through above his lip.",https://www.reddit.com/r/legaladvice/comments/1q6jtqd/looking_for_legal_advice_about_an_injury_claim/,injury attorney,,,2026-01-07T16:22:52+00:00,0,0,
low,reddit,legaladvice,/u/TheRogueElement,Work injury resulting in two herniated discs in my neck. Current law firm not helpful. Could use some direction please.,"<!-- SC_OFF --><div class=""md""><p>Location: Will County, IL</p> <p>In July 2025, I (32M) was walking back to my station (warehouse job packing) when I saw a coworker sitting on the ground with others around him. He told me he had fallen due to one of the floor mats slipping out from under him. When I made sure he was okay to stand, using my left hand (not a southpaw btw) I grabbed his hand and attempted to lift this man off of the ground. The man is heavier than I am, while I am definitely no gy",https://www.reddit.com/r/legaladvice/comments/1q4ri5o/work_injury_resulting_in_two_herniated_discs_in/,injury attorney,,,2026-01-05T17:11:25+00:00,0,0,
low,reddit,legaladvice,/u/Witty_Character_8833,I was arrested for DWI BAC >.15 I was seeking any information or legal advise if possible.,"<!-- SC_OFF --><div class=""md""><p>I was arrested in Texas for a DWI with a reported BAC greater than 0.15. I was appointed a public defender, and she has been handling my case effectively so far. I am currently out on bond and have been compliant with all bond conditions.</p> <p>For the past month and a half, I have been required to use a portable breathalyzer. I have not consumed any alcohol during this time, have tested negative on all required tests, and have been punctual and compliant with ",https://www.reddit.com/r/legaladvice/comments/1q3huv3/i_was_arrested_for_dwi_bac_15_i_was_seeking_any/,injury attorney,,,2026-01-04T05:43:56+00:00,0,0,
low,reddit,legaladvice,/u/Luctopia08,Moving away from mom,"<!-- SC_OFF --><div class=""md""><p>Alright so this is going to be a LOT, I’m obviously new to asking questions on here so I apologize for any format issues or such.</p> <p>Location: Alabama.</p> <p>Im a FTM 17 year old and I’m turning 18 in April, my mom has abused me in my childhood and STILL verbally abuses me and she is not accepting of my identity. I want to move in with my boyfriend (also FTM and 17) of 6 years out-of-state, which my mother knows nothing about. I am already graduated and out",https://www.reddit.com/r/legaladvice/comments/1qgrvcy/moving_away_from_mom/,car accident lawyer,,,2026-01-19T02:30:43+00:00,0,0,
low,reddit,legaladvice,/u/Mobile_Count_6006,My car got towed against my will and oc I got ripped off for 1K.,"<!-- SC_OFF --><div class=""md""><p>Location: Los Angeles, CA</p> <p>Hello, and thank you all for giving my post some attention.</p> <p>Recently, I went fishing at a small random lake where I had went 5-6 times safely and smoothly, my RWD vehicle got stuck with one front wheel sunk into a mud hole. I tried for a few hours by myself with some basic knowledge but nothing worked. That was really unexpected as Socal is known for its lack of humidity and it has been weeks since its last rainy period. <",https://www.reddit.com/r/legaladvice/comments/1qglcuz/my_car_got_towed_against_my_will_and_oc_i_got/,car accident lawyer,,,2026-01-18T21:50:46+00:00,0,0,
low,reddit,legaladvice,/u/pokchop92,I need to report my father for SA & harassment. What to expect?,"<!-- SC_OFF --><div class=""md""><p>Location: SC</p> <p>The title. My father molested me (most recently) while I was in the hospital after a very bad car wreck when I was 25. That was 9 years ago. I never told anyone, as I had 3 shattered limbs so I couldn't deal with it. 3 years ago I had my son. Around the same time, it came out that when I was still a baby, he also touched my older cousin (about 12 at the time) who was there to watch me, &amp; his family protected him. I went NC after that bc I",https://www.reddit.com/r/legaladvice/comments/1qfz9fe/i_need_to_report_my_father_for_sa_harassment_what/,car accident lawyer,,,2026-01-18T04:49:21+00:00,0,0,
low,reddit,legaladvice,/u/Vilegore_,Car Totaled In Accident,"<!-- SC_OFF --><div class=""md""><p>Location: Michigan (No Fault State)</p> <p>Someone recently totaled my families car, as they sped up trying to turn in front of us from the opposite direction hitting ice and spun into our car wrecking it. Unfortunately, we did not have full-coverage on the vehicle. Our insurance claim was closed though for some reason, so we are unsure what to do as now we are out of a car and he gets to drive away it feels with just a ticket from the police. </p> <p>What's the",https://www.reddit.com/r/legaladvice/comments/1qfkcsv/car_totaled_in_accident/,car accident lawyer,,,2026-01-17T18:10:54+00:00,0,0,
low,reddit,legaladvice,/u/foreverachemnerd,My mom keeps putting off signing the executors deed for my dad’s house.,"<!-- SC_OFF --><div class=""md""><p>Location: North Carolina. </p> <p>Wooo-wee Reddit, this has been a grueling process. My dad passed away a few years ago with no will and not very much to his name. I was in line to be the executor and my mom(my parents are divorced but we’re still close and very civil) told me that he wanted her to be the executor but that had fallen through because he never set up a will. Eventually, my brother and I signed away our rights to her for executorship. I tried to re",https://www.reddit.com/r/legaladvice/comments/1qf2cc5/my_mom_keeps_putting_off_signing_the_executors/,car accident lawyer,,,2026-01-17T03:34:41+00:00,0,0,
low,reddit,legaladvice,/u/Dizzy-Macaroon6434,WI - Property Management Imposing a 10% Rental Cap on Condo HOA without Amendment to Bylaws,"<!-- SC_OFF --><div class=""md""><p>Location: Madison Wisconsin.</p> <p>My condominium HOA has been experiencing some pretty severe issues with our current board and property management. Many of these issues are already being handled by attorneys and are expected to be resolved through the legal system, but another red flag came up at a rescheduled annual meeting last Sunday (which achieved quorum, but residents were not allowed to vote on any matter other than the election of the president, I ima",https://www.reddit.com/r/legaladvice/comments/1qf0q00/wi_property_management_imposing_a_10_rental_cap/,car accident lawyer,,,2026-01-17T02:29:24+00:00,0,0,
low,reddit,legaladvice,/u/Miserable-Vanilla986,"SD - family member died in a car accident. Towing company wants $24,000 from her estate.","<!-- SC_OFF --><div class=""md""><p>Location: South Dakota</p> <p>The towing company sent a certified letter to her house within a week of towing her car. We did not know this letter was sent at the time, and it was not received or signed for, because she lived alone and was in the hospital dying. We assumed the car, which was totaled, was disposed of.</p> <p>Six months later, the towing company sends a notice to her address (we now have her mail forwarded to us, as executor), saying that they’ve ",https://www.reddit.com/r/legaladvice/comments/1qevhwc/sd_family_member_died_in_a_car_accident_towing/,car accident lawyer,,,2026-01-16T23:12:34+00:00,0,0,
low,reddit,legaladvice,/u/New_Insurance9941,My brother dated a woman who turned out to screw him over in many ways.,"<!-- SC_OFF --><div class=""md""><p>Location: California </p> <p>My brother used to date a woman who turned out to be an alcoholic narcissist. Long story short, she drank a lot and abused him a lot of times before he left her. She then refused to return his property and when he tried to get it back she decided to press charges against him, that he was harassing her. She got a no contact order against him. </p> <p>He had been using her car while they where in a relationship to be an Uber driver and",https://www.reddit.com/r/legaladvice/comments/1qembkv/my_brother_dated_a_woman_who_turned_out_to_screw/,car accident lawyer,,,2026-01-16T17:28:29+00:00,0,0,
low,reddit,legaladvice,/u/RedneckBirder,Criminal Bio-Dad Wants DNA Test for Our Son and Possible Parental Rights,"<!-- SC_OFF --><div class=""md""><p>Location: Texas</p> <p>We are in the process of getting a lawyer, but I wanted to get reddit's preliminary opinion since we are currently out of the country on our honeymoon. </p> <p>My wife and I have been together for about 4 years, and have lived together for 2.5 years. She has a now 6 year old son that calls me his dad and I call him my son. We just got married about a month and a half ago, so I was going to start the process of formally adopting him in the ",https://www.reddit.com/r/legaladvice/comments/1qed3f2/criminal_biodad_wants_dna_test_for_our_son_and/,car accident lawyer,,,2026-01-16T11:02:48+00:00,0,0,
low,reddit,legaladvice,/u/alexey_navalny,"Avis demanding $3,000 balance after total loss. CC insurance paid $25k, but there's a gap. How do I recover this from the at-fault driver?","<!-- SC_OFF --><div class=""md""><p>Location: HI</p> <p>Context: In 2025, I was involved in a head-on collision while driving an Avis rental car. The other driver crossed into my lane and hit me. The police report clearly states the other driver was 100% at fault. Thankfully, I was okay, but the rental car was totaled.</p> <p>The Financials:</p> <ol> <li><p>Avis Total Demand: $28,000</p></li> <li><p>Credit Card Insurance (Benefits): They paid out $25,000 (their maximum coverage limit)</p></li> <li",https://www.reddit.com/r/legaladvice/comments/1qe08n3/avis_demanding_3000_balance_after_total_loss_cc/,car accident lawyer,,,2026-01-15T23:58:41+00:00,0,0,
low,reddit,legaladvice,/u/URLocal-Witch,Is this workplace retaliation for taking injury loa?,"<!-- SC_OFF --><div class=""md""><p>For context, I work at a certain multi-billion dollar company that is created by the capitalist of all capitalists (Location: PA). I should have known this place was going to be a problem, when they told my hiring group their biggest mantra is “be frugal”.</p> <p>I suffer from musculoskeletal pain due to sciatic nerve issues. It is usually very well controlled and I see my doctor whenever it isn’t feeling right. Last week, I was working extra hard because they i",https://www.reddit.com/r/legaladvice/comments/1qea9eg/is_this_workplace_retaliation_for_taking_injury/,personal injury,,,2026-01-16T08:08:47+00:00,0,0,
low,reddit,legaladvice,/u/Broad-Comparison-884,How would I go about filing a complaint to my employer?,"<!-- SC_OFF --><div class=""md""><p>I work at an independent pharmacy and have been employed there for about six months. Until recently, everything was going well. I typically worked around 32 hours per week.</p> <p>When I clocked in for my shift, my manager pulled me aside and told me he needs someone “more reliable” and that he is considering reducing my schedule to two days per week, effectively cutting my hours from 32 hours to about 16 hours. He stated that because I have taken days off, he f",https://www.reddit.com/r/legaladvice/comments/1qcver8/how_would_i_go_about_filing_a_complaint_to_my/,personal injury,,,2026-01-14T18:37:58+00:00,0,0,
low,reddit,legaladvice,/u/Putrid-Definition815,Testing done against my knowledge/consent,"<!-- SC_OFF --><div class=""md""><p>Location: Topeka,Kansas Today I had a doctors appointment for kind of a weird thing. I have a TBI and have been trying to get my license again it’s been like a 3 year progress. I’ve done drivers ed and now I just need my doctor to clear me basically saying I’m abled bodied enough to drive and don’t need further assistance. I come in to my appointment and they take my vitals and the nurse tells me my doctor will be here shortly. When she arrives she asks why it’s",https://www.reddit.com/r/legaladvice/comments/1qca8yw/testing_done_against_my_knowledgeconsent/,personal injury,,,2026-01-14T01:45:58+00:00,0,0,
low,reddit,legaladvice,/u/udontknow77,Rideshare driver assaulted by passenger.,"<!-- SC_OFF --><div class=""md""><p>I'm a rideshare driver on multiple platforms. I Also do private rides. I recently had a rider that had initially ordered a ride on one of the major platforms. We had great rapport and communication on the ride. They then wanted to do a private ride later that evening. On that private ride they were quiet intoxicated but did not seem to be a threat when I picked them up. Shortly after the pickup with no explanation or negative words exchanged they reached up from",https://www.reddit.com/r/legaladvice/comments/1qbxza0/rideshare_driver_assaulted_by_passenger/,personal injury,,,2026-01-13T17:51:20+00:00,0,0,
low,reddit,legaladvice,/u/Sensitive_Lychee3118,Rehab covering up a client staff relationship,"<!-- SC_OFF --><div class=""md""><p>Location: Utah</p> <p>I am looking for legal perspectives on institutional stonewalling and the withholding of records following a severe case of therapy and rehab abuse.</p> <p>Background</p> <p>Several years ago, while I was a resident at a large nonprofit rehab in Utah, a clinician employed by the facility entered into a highly inappropriate relationship with me. That relationship resulted in the birth of our son.</p> <p>Five weeks after our son was born, the",https://www.reddit.com/r/legaladvice/comments/1qaoxxa/rehab_covering_up_a_client_staff_relationship/,personal injury,,,2026-01-12T07:49:49+00:00,0,0,
low,reddit,legaladvice,/u/Dangerous_Jacket_464,Possible Retaliation Saga - Retain Lawyer?,"<!-- SC_OFF --><div class=""md""><p>Location: Wisconsin</p> <p>(I will try to bullet point as much as possible and into a timeline for ease, as there is a lot here. This is currently being investigated by the DWD, but curious if I should retain a lawyer regardless)</p> <p>Needed Context: My position is considered a management position/Department head. I have had subordinates under me, am invited to department head meetings, and literally the word &quot;manager&quot; is in my job description in par",https://www.reddit.com/r/legaladvice/comments/1qghyau/possible_retaliation_saga_retain_lawyer/,need lawyer,,,2026-01-18T19:32:16+00:00,0,0,
low,reddit,legaladvice,/u/Sea-Menu4471,Location: NYC Order of Filiation Amendments and Birth Certificate Correction Help,"<!-- SC_OFF --><div class=""md""><p>Hello Everyone,</p> <p>Location: Manhattan, NY</p> <p>I need your help with potentially amending an Order of Filiation order that was signed into affect last year October. The reason I had to get this Order of Filiation done was because the mother of my child was married to another man at the time of birth. As a result, I was not able to placed on my daughter's birth certificate.</p> <p>I have made one attempt at a Birth Certificate correction with the Office of",https://www.reddit.com/r/legaladvice/comments/1qgggub/location_nyc_order_of_filiation_amendments_and/,need lawyer,,,2026-01-18T18:36:59+00:00,0,0,
low,reddit,legaladvice,/u/zkyblu3,Please help. Children's Hospital/CPS issue,"<!-- SC_OFF --><div class=""md""><p>Location: Missouri </p> <p>Hey all. I posted this to <a href=""https://www.reddit.com/r/CPS"">r/CPS</a> and got some great responses. My own lawyer has also advised, and I plan to follow it... But due to some conflicting opinions, I'm asking here as well. (I'm not sure how much of this kind of experience he has - he primarily does divorces.)</p> <p>This past month has been hell for me and my babies, and just when it was starting to look up, things have got scary. ",https://www.reddit.com/r/legaladvice/comments/1qgfy3f/please_help_childrens_hospitalcps_issue/,need lawyer,,,2026-01-18T18:17:58+00:00,0,0,
low,reddit,legaladvice,/u/Tasty-Ad5368,My mom’s landlord wants to evict her after 1 month because his 50 year old house is breaking down and he refuses to fix anything. Is there any legal action I can take to sue or press charges against them?,"<!-- SC_OFF --><div class=""md""><p>Location: Chicago IL</p> <p>I want to know if there’s anything I can legally do to prevent my mom from getting evicted from her home and if there’s any possible way that we can sue him for forcing my mom to pay for the faulty AC unit or the faulty heater which breaks every few months while we, the tenants, have to pay to get his 50 year old faulty and junky ac condenser to start working again, which is always just a bandaid fix and it ends up breaking again lite",https://www.reddit.com/r/legaladvice/comments/1qgc3w2/my_moms_landlord_wants_to_evict_her_after_1_month/,need lawyer,,,2026-01-18T15:54:17+00:00,0,0,
low,reddit,legaladvice,/u/jaystanding,"How to write a will (28F, NY)","<!-- SC_OFF --><div class=""md""><p>Location: NY</p> <p>I’m relatively young, single, and don’t have any current health issues but I want to draft out a will in case something untimely happens. </p> <p>My main concern is my dog, as I have no immediate family that I trust to care for her in my absence. I want to ensure that she’d be returned to her breeder (who communicated upon purchase that she’d take a dog back for any reason if the owner needed). </p> <p>Would I have to hire a lawyer for this m",https://www.reddit.com/r/legaladvice/comments/1qgblo1/how_to_write_a_will_28f_ny/,need lawyer,,,2026-01-18T15:34:29+00:00,0,0,
low,reddit,legaladvice,/u/chaosandcrux,"How to get copies of evidence to the respondent’s lawyer? (Restraining order, CA)","<!-- SC_OFF --><div class=""md""><p>Location: California (Mono County)</p> <p>It’s bizarre to me that I even have to ask this but I have not been able to get a straight answer from the actual courthouse. </p> <p>I filed a restraining order against my ex. The actual restraining order papers were served by the sheriff, and a hearing date is set. </p> <p>I was told to get 3 copies of any documents I want to use for evidence. Got those printed. </p> <p>How do I actually get them to my ex/his lawyer? <",https://www.reddit.com/r/legaladvice/comments/1qg9b2y/how_to_get_copies_of_evidence_to_the_respondents/,need lawyer,,,2026-01-18T14:00:41+00:00,0,0,
low,reddit,legaladvice,/u/Swimming-Essay-4676,Forgot to respond to initial Jury Summons mail (WA) a few years ago,"<!-- SC_OFF --><div class=""md""><p>Location: Redmond, WA</p> <p>Hey all, I can’t remember if I followed up with a jury summons around a year or two ago, when I was 22 or 23. This was for Washington state. I can’t find the original mail they sent, and don’t remember if I created an account for this. They never sent a follow up mail or email or any other communication about this. I didn’t really care about this before, but now that I’m capable of thinking more seriously, this seems like an issue I ",https://www.reddit.com/r/legaladvice/comments/1qg7r0e/forgot_to_respond_to_initial_jury_summons_mail_wa/,need lawyer,,,2026-01-18T12:49:06+00:00,0,0,
low,reddit,legaladvice,/u/Content-Front-7799,Divorce and House in a Trust,"<!-- SC_OFF --><div class=""md""><p>Location: California I’m going through a divorce and am hoping someone can help answer my questions. I admittedly played the good wife to my 20+ year older husband for over 20 years. He made all the financial decisions and I just agreed to whatever he wanted. Back in 2019 we bought a house together in cash. To avoid paying some back taxes, he moved our house in a trust under his screen print business. Now we are separated and have listed the house for sale. I to",https://www.reddit.com/r/legaladvice/comments/1qg11c9/divorce_and_house_in_a_trust/,need lawyer,,,2026-01-18T06:22:08+00:00,0,0,
low,reddit,legaladvice,/u/125541215,Buyout contract being stomped on...,"<!-- SC_OFF --><div class=""md""><p>Location: Georgetown Texas, USA</p> <p>Hello all,</p> <p>First off, I have an attorney but he is not a litigator.</p> <p>Last year we caught my business partner stealing. She's a full- blown narcissist with a high conflict personality. When confronted about the misappropriation of funds she got a lawyer and the whole thing turned into a shitshow. We were able to exit by finding a new partner for her, but new partner is in NL and she was supposed to close the US ",https://www.reddit.com/r/legaladvice/comments/1qfz6dl/buyout_contract_being_stomped_on/,need lawyer,,,2026-01-18T04:45:05+00:00,0,0,
low,reddit,legaladvice,/u/Falc0L0mbardi,Dealing with estate payouts and need advice on what I can do.,"<!-- SC_OFF --><div class=""md""><p>Location: Long Island, New York</p> <p>I am a beneficiary in a trust of my grandmother's who recently passed away. </p> <p>I am in the will with 46 2/3%.<br /> My aunt has 40% and her 2 children each have 6 2/3%.</p> <p>The estate is valued at around 3 million. There is a home in that, which I think is valued around 1.2 million, zillow and other sites say anywhere from 980,000 to 1.2/1.3.</p> <p>They are having the lawyer managing everything get an appraisal on ",https://www.reddit.com/r/legaladvice/comments/1qfy2mj/dealing_with_estate_payouts_and_need_advice_on/,need lawyer,,,2026-01-18T03:51:05+00:00,0,0,
low,reddit,legaladvice,/u/symph5683,Hole in shower ceiling,"<!-- SC_OFF --><div class=""md""><p>Location: Florida, will give city if necessary </p> <p>I feel like I'm going crazy. We've lived in this apartment for about 2 1/2 years now. About 9 months ago, the upstairs neighbor's caused a leak in our bathroom. They fixed that pretty soon after it happened but there was a small hole in the popcorn afterwards. We brought it up several times when they came in for other things. We were told &quot;we'll set up a time to come and look at that&quot; and they neve",https://www.reddit.com/r/legaladvice/comments/1qfvg9e/hole_in_shower_ceiling/,need lawyer,,,2026-01-18T01:47:40+00:00,0,0,
low,reddit,legaladvice,/u/AdIllustrious6904,Done Wrong by St. Louis County. (Tax Auction),"<!-- SC_OFF --><div class=""md""><p>Location: St. Louis, Missouri</p> <p>I need some direction on where to go. My husband is a 100% total and permanent disabled veteran who participated in the 2024 tax auction for houses. He was successfully granted the deed for a home that he won in the tax auction by St. Louis County. He paid the property taxes and did everything correctly and we later found out that the home was under bankruptcy by the previous owner. Our lawyer tried to get the bankruptcy lawy",https://www.reddit.com/r/legaladvice/comments/1qfsto7/done_wrong_by_st_louis_county_tax_auction/,need lawyer,,,2026-01-17T23:50:49+00:00,0,0,
low,reddit,legaladvice,/u/Pleasant-Performer14,California - Unlimited Civil Court amendment needed,"<!-- SC_OFF --><div class=""md""><p>Location: California</p> <p>My wife and I filed an Unlimited Civil Court case against our contractor. With the rains we have found a window that is leaking. We now need to file an amendment. We are still in our 21-day grace period since he was served but it is running out quickly. We do not have a lawyer. No one wanted to help us with a cost that made sense, so we are doing this on our own. We are trying to figure out how to file the amendment but can't figure i",https://www.reddit.com/r/legaladvice/comments/1qfrupn/california_unlimited_civil_court_amendment_needed/,need lawyer,,,2026-01-17T23:09:26+00:00,0,0,
low,reddit,legaladvice,/u/noctevespertilio,First Time Offenders = Felony?,"<!-- SC_OFF --><div class=""md""><h2>Location: Indiana</h2> <h2>UPDATE: I’m stepping away from this thread. I provided the medical and employment context because it is the truth of my household, not to 'trick' anyone or appear inconsistent. I didn't want to give too many personal details. My housemates are disabled, recently lost employment due to those disabilities, and are currently unmedicated and in neurodivergent/autistic crisis. I am managing this while navigating my own disabilities, there ",https://www.reddit.com/r/legaladvice/comments/1qfpq1b/first_time_offenders_felony/,need lawyer,,,2026-01-17T21:41:12+00:00,0,0,
low,reddit,legaladvice,/u/papafro22,Converting legal separation to divorce,"<!-- SC_OFF --><div class=""md""><p>Location: Wisconsin (US)</p> <p>My ex wife and I decided through mediation on a legal separation 2 years ago in lieu of divorce for the sole reason that she could stay on my health insurance and therefore would not ask for alimony or child support for our two kids, both currently under 10. We have shared, 50/50 custody of the children. </p> <p>I am now happily living with a partner and our intentions are to spend our lives together and we would like to have the ",https://www.reddit.com/r/legaladvice/comments/1qfoido/converting_legal_separation_to_divorce/,need lawyer,,,2026-01-17T20:52:32+00:00,0,0,
low,reddit,legaladvice,/u/DivineGremlin,"Illegal Lockout, Father Involved, Small Claims Question About Structuring Separate Defendants - Philadelphia, PA","<!-- SC_OFF --><div class=""md""><p>Hi lawyers. Location: Philadelphia, PA.</p> <p>I was illegally evicted from my rental while I was out of town. At my father’s direction (he is not on the lease and has no legal authority), my landlords changed the locks, denied me access, locked all of my belongings inside, and stopped communicating with me. No eviction notice or court order existed. I was left homeless and incurred substantial costs.</p> <p>Approximate documented damages:</p> <p>• Unreturned se",https://www.reddit.com/r/legaladvice/comments/1qfklq7/illegal_lockout_father_involved_small_claims/,need lawyer,,,2026-01-17T18:19:58+00:00,0,0,
low,reddit,legaladvice,/u/Numerous-Dirt8238,"Advice on what kind of lawyer to seek help from (if any) GA, USA","<!-- SC_OFF --><div class=""md""><p>Location: GA, USA</p> <p>I want to apply for global entry for an upcoming trip to Europe. In doing so I want to have the background check questions answered and ready to go. I was arrested in 2016 for possession &amp; dwi. I was in my early 20s and my parents handled most of the paperwork which is why I don’t have a lot of info/documentation hence trying to locate it now. </p> <p>Ultimately after 2 years of rehab etc finally in 2018 I was charged with the dwi (I",https://www.reddit.com/r/legaladvice/comments/1qfj7t6/advice_on_what_kind_of_lawyer_to_seek_help_from/,need lawyer,,,2026-01-17T17:28:01+00:00,0,0,
low,reddit,legaladvice,/u/Rude-Air-9575,Complicated name change issue (NYC),"<!-- SC_OFF --><div class=""md""><p>Location: U.S. New York City</p> <p>Okay so I need help with something very specific and I don’t know who to ask or what to do. It’s a bit of a story… I wanted to change my last name back to my maiden name after my divorce. My first name has never changed, but my ex’s first name did change before we were married. So, I went to the social security office. When I was there, the person helping me found a mistake on my divorce papers where for some reason my last na",https://www.reddit.com/r/legaladvice/comments/1qfcepp/complicated_name_change_issue_nyc/,need lawyer,,,2026-01-17T12:49:31+00:00,0,0,
low,reddit,legaladvice,/u/Dramatic-Feature3012,Colorado eviction,"<!-- SC_OFF --><div class=""md""><p>Location: Colorado</p> <p>Colorado tenant here. A bit of a long story here, but tl;dr, I wanna sue. </p> <p>Beginning of 2025 was rough. As was the rest. I’m gonna keep it short to keep details as detailed as possible. A mental health episode had me out of work and in state provided benefit if short term disability for 6 months. In the mean time, rent needed paid. Went through February without paying rent, received notice, eviction process begins and notice serv",https://www.reddit.com/r/legaladvice/comments/1qf6qgs/colorado_eviction/,need lawyer,,,2026-01-17T07:17:14+00:00,0,0,
low,reddit,legaladvice,/u/Expensive-Response43,Does a repeated stalker and abuser of a community have a case for defamation?,"<!-- SC_OFF --><div class=""md""><p>Location: Tennessee/Online</p> <p>So I live in Tennessee but the person in question lives who knows where, I just know it is in the US. This stalker has a 300 page document of evidence showing that she has; lusted after a minor then threatened to assault said minor for rejecting her and blocking her, repeatedly &quot;block evading&quot;, basically that means when she gets blocked goes around that by making another account to harass that person (many people, myse",https://www.reddit.com/r/legaladvice/comments/1qf5kcw/does_a_repeated_stalker_and_abuser_of_a_community/,need lawyer,,,2026-01-17T06:12:07+00:00,0,0,
low,reddit,legaladvice,/u/Crash3urn,Wisconsin WB-11 inspection contingency question - does seller’s right to cure override buyer’s ability to walk?,"<!-- SC_OFF --><div class=""md""><p>Location: Kenosha, WI</p> <p>I’m hoping to get input specifically from people familiar with Wisconsin’s WB-11 Residential Offer to Purchase (agents, brokers, attorneys, investors).</p> <p>This is not a “what does the contract say?” question; I’ve read it closely. I’m trying to understand how it’s actually interpreted and applied in practice, because I’m getting conflicting answers from licensed professionals.</p> <p><strong>Scenario:</strong></p> <ul> <li><p>Buy",https://www.reddit.com/r/legaladvice/comments/1qglwbb/wisconsin_wb11_inspection_contingency_question/,looking for attorney,,,2026-01-18T22:12:01+00:00,0,0,
low,reddit,legaladvice,/u/Clean_Belt4238,Listing + Lease said parking is available through the city. Property was not eligible for a parking permit and I've received $300+ in tickets.,"<!-- SC_OFF --><div class=""md""><p>Location: North Carolina</p> <p>If needed I can provide more info - just trying not to dox myself here.</p> <p>Approximately a year and a half ago, I moved into an older townhome that did not have a parking lot. On the rental listing, the leasing agency wrote &quot;parking is through the city.&quot; I was fine with that, proceeded with signing, and moved in. I applied for a parking permit and was denied - as it turned out, the property was not eligible for city ",https://www.reddit.com/r/legaladvice/comments/1qghd0h/listing_lease_said_parking_is_available_through/,looking for attorney,,,2026-01-18T19:09:59+00:00,0,0,
low,reddit,legaladvice,/u/PumpkinPie_1993,Can I leave the state with my infant after my husband told me he wants a divorce?,"<!-- SC_OFF --><div class=""md""><p>Location: Alaska</p> <p>My husband is military, but both he and I became residents of the state after he was assigned to a base here a few years ago. My baby (4 months old) was born in the state. </p> <p>My husband told me he wants a divorce, and that there’s no changing his mind. He has not yet met with an attorney and nothing has been filed.</p> <p>I would like to take my baby and go back home (lower 48). I am all alone up here, with no family and very limited",https://www.reddit.com/r/legaladvice/comments/1qg7tpj/can_i_leave_the_state_with_my_infant_after_my/,looking for attorney,,,2026-01-18T12:52:48+00:00,0,0,
low,reddit,legaladvice,/u/ExtraExtraDoneReddit,Boyfriend’s parents taking advantage of him during home sale,"<!-- SC_OFF --><div class=""md""><p>I am writing this on behalf of my boyfriend. I am currently pregnant and we plan to get married so I am invested in the future we are planning together and want the best possible outcome for him.</p> <p>In 2009, my boyfriend bought a house along with his mom and step-dad. From what I understand, only he and his step dad are named on the title. His step-dad put down somewhere around $10-20k for the down payment on a $160k home. Since the sale of the home closed, ",https://www.reddit.com/r/legaladvice/comments/1qfwi43/boyfriends_parents_taking_advantage_of_him_during/,looking for attorney,,,2026-01-18T02:36:07+00:00,0,0,
low,reddit,legaladvice,/u/Free_Investigator719,Father won't show mother's will. Allegedly hanged it with no witnesses,"<!-- SC_OFF --><div class=""md""><p>Location: Connecticut My mother died two years ago and before she passed she sat my brother and I down after meeting with her attorney and told us their was a trust fund setup for my brother, cousin, and I. Now two years after her death we have not been shown a copy of the will. My grandmother asked and was shown a what looked like a will that was dated the day she died when she was under intense medication and could not willingly sign any documents. The &quot;w",https://www.reddit.com/r/legaladvice/comments/1qfuw4m/father_wont_show_mothers_will_allegedly_hanged_it/,looking for attorney,,,2026-01-18T01:21:47+00:00,0,0,
low,reddit,legaladvice,/u/Headfullofsin,My grandmother passed away with a reasonable sized estate. My dad (passed away) so aunt was made executor of her Will(and a beneficiary) but is not sending information to the beneficiaries. Can probate privately send me copies of everything?,"<!-- SC_OFF --><div class=""md""><p>Location: SC. There is a lot of family dynamics.. the information going to try to compress the informatio. My grandmother passed away on the 1st. She owned land in both SC and DE. Her Daughter basically had nothing to do with her(she was elderly and in bad shape so she didn‘t change the Will/Estate) (im only 31 so she worried it would be too much for me which I respected and we agreed to table the conversation because of her health). my aunt was informed of her ",https://www.reddit.com/r/legaladvice/comments/1qfuvaa/my_grandmother_passed_away_with_a_reasonable/,looking for attorney,,,2026-01-18T01:20:46+00:00,0,0,
low,reddit,legaladvice,/u/ednyer,Can Amazon legally deactivate my U.S. over an alleged Brazilian trademark violation? Do I have grounds to sue?,"<!-- SC_OFF --><div class=""md""><p>I’m a U.S.-based Amazon seller and brand owner looking for legal and practical insight from anyone who’s been through something similar.</p> <p>Here’s the situation:</p> <p>• I own the U.S. trademark for my brand</p> <p>• I sell primarily in the U.S. marketplace</p> <p>• I do not actively sell in Brazil — I only enabled Remote Fulfillment at one point</p> <p>• Amazon claims my product allegedly violates a Brazilian trademark</p> <p>• Based on that claim, Amazon ",https://www.reddit.com/r/legaladvice/comments/1qfp75c/can_amazon_legally_deactivate_my_us_over_an/,looking for attorney,,,2026-01-17T21:20:14+00:00,0,0,
low,reddit,legaladvice,/u/Economy-Sundae-7708,Questions regarding real estate that was willed,"<!-- SC_OFF --><div class=""md""><p>Location: North Carolina </p> <p>My sister-in-law’s(SIL) fiancé had put her in his will for his property/real estate. He passed away almost 3yrs ago and there was a court appointed attorney for the trustee. (GAL) For the last year nothing has been said or done. No further court date etc. My SIL is slow for lack of a better word and not to disrespect her. But she assumed the house was hers already and hadn’t thought anything about it. I looked it up and seen that",https://www.reddit.com/r/legaladvice/comments/1qfp5um/questions_regarding_real_estate_that_was_willed/,looking for attorney,,,2026-01-17T21:18:45+00:00,0,0,
low,reddit,legaladvice,/u/enlighten_me_ppl,"Which state’s employment law applies for remote worker laid off (NC company, WA employee)?","<!-- SC_OFF --><div class=""md""><p>Hello,</p> <p>I was recently laid off from a company headquartered in North Carolina. However, I worked 100% remotely from Washington State for the duration of my employment and paid Washington state taxes.</p> <p>I’m planning to consult an employment attorney to review and potentially negotiate my severance package, and I’m trying to understand which state’s employment laws would apply in this situation.</p> <p>Should I be looking for an attorney familiar with ",https://www.reddit.com/r/legaladvice/comments/1qfnoi7/which_states_employment_law_applies_for_remote/,looking for attorney,,,2026-01-17T20:19:15+00:00,0,0,
low,reddit,legaladvice,/u/Interesting-Idea-426,"Father died 5 weeks ago. Sister ghosted me, excluded me from the funeral, and claims the Will is stuck in a bank lockbox. Attorney only has an ""unsigned"" copy. What is going on?","<!-- SC_OFF --><div class=""md""><p>NEW INFO: My father owned 50% of a highly successful company, which is where the majority of the state wealth lies. I was just informed that the other business partner is paying her my father’s salary. Remember, nothing has been filed or opened with the county court. What now?</p> <p>I’m looking for some insight on what is most likely going on here because I’m being kept in the dark.</p> <p>Location: Mississippi. I’m the oldest of two siblings. My father passed ",https://www.reddit.com/r/legaladvice/comments/1qf5dqw/father_died_5_weeks_ago_sister_ghosted_me/,looking for attorney,,,2026-01-17T06:02:36+00:00,0,0,
low,reddit,legaladvice,/u/ObjectiveWish1422,"Location: Salt Lake City/Utah: App developer failed to meet contract, refusing refund, withholding IP, misleading and deceptive material etc","<!-- SC_OFF --><div class=""md""><p>Location: Salt Lake City, Utah</p> <p>I engaged a company Trango Technologies Inc who are a registered company in Utah to build an app for me. Their website listed numerous offices across USA such as San Jose (which I now believe are fake). After a few months they didn’t meet their project milestones and I revisited their website and saw they had added that they had an office in Melbourne Australia, had fake looking reviews (one of the photos was from a stock ph",https://www.reddit.com/r/legaladvice/comments/1qf4ytc/location_salt_lake_cityutah_app_developer_failed/,looking for attorney,,,2026-01-17T05:40:28+00:00,0,0,
low,reddit,legaladvice,/u/No-Sundae-7663,Elder abuse/ drugging - who can help when all other systems fail?,"<!-- SC_OFF --><div class=""md""><p>Location: Groton, Connecticut </p> <p>I retained a probate attorney and successfully obtained an emergency conservatorship, and a neutral third-party conservator was appointed by choice to avoid escalating family conflict, but that ultimately proved ineffective. At this point, the only legal option would be to file for a full conservatorship, which my attorney advised would require restarting the entire process from the beginning. Under Connecticut law, this wou",https://www.reddit.com/r/legaladvice/comments/1qf3psu/elder_abuse_drugging_who_can_help_when_all_other/,looking for attorney,,,2026-01-17T04:37:44+00:00,0,0,
low,reddit,legaladvice,/u/i_said_what_i_said_6,What kind of attorney do I need?,"<!-- SC_OFF --><div class=""md""><p>Location: California</p> <p>Hey folks. My cousin moved in with her boyfriend whom is on parole. I didn't have a problem with it until I met the PO who treats me as if I'm the one on parole. He demanded my ID (photographed it), told me that he needs to check my bedroom even though it is locked, told me that some of my tools are considered weapons and to get rid of them, and also said if he ever comes when I am not home that he's going to take my dogs out of the r",https://www.reddit.com/r/legaladvice/comments/1qes98s/what_kind_of_attorney_do_i_need/,looking for attorney,,,2026-01-16T21:08:01+00:00,0,0,
low,reddit,legaladvice,/u/Negative-Lecture-618,Damaged subflooring in new home,"<!-- SC_OFF --><div class=""md""><p>Location: Unincorporated area in California</p> <p>My wife and I recently bought a new house and we had people come in to put carpeting in the bedrooms this week. When they ripped out the wood laminate flooring they found water damage to the subflooring surrounding the bathroom. Turns out there is extensive water damage to and rotting of the subflooring and joists in and around the bathroom. There was no way for this to show up on the inspection because there is",https://www.reddit.com/r/legaladvice/comments/1qekae3/damaged_subflooring_in_new_home/,looking for attorney,,,2026-01-16T16:16:15+00:00,0,0,
low,reddit,legaladvice,/u/gh0st_belle,What are some things I may need to inquire about during consult with an estate attorney?,"<!-- SC_OFF --><div class=""md""><p>Location: Pennsylvania</p> <p>My father is experiencing some significant health declines and is currently in the hospital. I’m worried about protecting his assets in the event he goes to assisted living, as well as what will happen when he dies. Him and my mother (who passed 5 months ago) did no estate planning outside of life insurance. </p> <p>Outside of wanting to know what our options are for his assets, and establishing a will and power of attorney, I reall",https://www.reddit.com/r/legaladvice/comments/1qeimlj/what_are_some_things_i_may_need_to_inquire_about/,looking for attorney,,,2026-01-16T15:15:12+00:00,0,0,
low,reddit,legaladvice,/u/chasethesky_,"Fire insurance claim delays, unpaid ALE reimbursements, notice to vacate - looking for advice","<!-- SC_OFF --><div class=""md""><p>Hello, I’m looking for general guidance on next steps. </p> <p><strong>Location: Orange County, California.</strong> </p> <p><strong>Timeline:</strong></p> <p>• Fire loss 6/2025 (kitchen/dining)</p> <p>• Adjuster estimated ~3 months</p> <p>• Temporary housing since 9/2025</p> <p>• 6+ months later, minimal construction</p> <p><strong>Issues:</strong></p> <p>• Contents cleaning delayed to 4 months</p> <p>• No full itemized contents inventory provided from restorat",https://www.reddit.com/r/legaladvice/comments/1qe8vii/fire_insurance_claim_delays_unpaid_ale/,looking for attorney,,,2026-01-16T06:47:19+00:00,0,0,
low,reddit,legaladvice,/u/Arewyn,Issues after closing on house,"<!-- SC_OFF --><div class=""md""><p>Location: Muskegon, Michigan. My son just purchased a home this week with a VA loan and I was there the day after closing with all his belongings to help him move in .</p> <p>Concern 1) They found damage to the main water/sewage pipe out to the city that was caused by the previous homeowners moving a tank out of the basement. (That the inspector required be moved to pass for the VA loan ) This damage happened after the main inspection, was not disclosed , and my",https://www.reddit.com/r/legaladvice/comments/1qe4ya8/issues_after_closing_on_house/,looking for attorney,,,2026-01-16T03:26:01+00:00,0,0,
low,reddit,legaladvice,/u/Schrimpfjess,My ex boyfriend is asking me to return his daughter and full custody request,"<!-- SC_OFF --><div class=""md""><p>My location: Wyoming and Nevada</p> <p>My ex and I have been living together since 2019, I’ve been a stay at home mother and have exclusively homeschooled both daughters. he’s raised my 7 year old autistic daughter since birth, and we also had a second daughter who is barely 4 years old. 2024 was when the toxic behavior started, it was a repeated cycle of something making him mad, him giving me and the girls silent treatment for minimum 2 weeks, slamming doors, ",https://www.reddit.com/r/legaladvice/comments/1qe2j1t/my_ex_boyfriend_is_asking_me_to_return_his/,looking for attorney,,,2026-01-16T01:37:55+00:00,0,0,
low,reddit,legaladvice,/u/witcherdeadpool,Living Will / Power of Attorney,"<!-- SC_OFF --><div class=""md""><p>I know this might be a silly question, but I am going to ask anyway. I saw some similar posts, but am still somewhat unclear.</p> <p>After death, I assume law enforcement will contact my parents, siblings, extended blood relatives—people who should not be contacted.</p> <p>Family Location: OH</p> <p><em>(I know I am dead and should not care, but I do for some reason.)</em></p> <p>Can I create a <em>living will</em> to name someone else as my next of kin or give ",https://www.reddit.com/r/legaladvice/comments/1qdzhsm/living_will_power_of_attorney/,looking for attorney,,,2026-01-15T23:28:30+00:00,0,0,
low,reddit,AskLawyers,/u/shhhyoudontknowme4,Question about order of protection in NYS,"<!-- SC_OFF --><div class=""md""><p>USA NYS upstate please help me give me some serious guidance</p> <p>Hi I’m going to be vague but give little detail. So let’s say hypothetically. Someone was to get an order of protection place on them due to a stabbing with no life threatening injuries. It’s was violated and had to do 6 months in jail in 2025 for it. Then fast forward to Dec of 25’ a DV accusation happened between the person who was stabbed and the suspect and the cops were called the person th",https://www.reddit.com/r/AskLawyers/comments/1qde069/question_about_order_of_protection_in_nys/,injury attorney,,,2026-01-15T08:18:56+00:00,0,0,
low,reddit,AskLawyers,/u/LosingSleep112,"[NY] Involuntary Psych Hold - Assaulted, Restrained & Medicated despite no imminent danger. What legal options actually exist?","<!-- SC_OFF --><div class=""md""><p>I am in New York and was brought to a private hospital involuntarily after my parents called 911 reporting suicidal ideation. I was cooperative with the police and did not present a danger to myself or others at all during this time.</p> <p>While waiting to see a psychiatrist, I was calm, cooperative, obviously not threatening anyone. Hospital notes and meeting with the president later confirmed they knew I was not an imminent danger to myself or others. I was b",https://www.reddit.com/r/AskLawyers/comments/1pqjo3v/ny_involuntary_psych_hold_assaulted_restrained/,injury attorney,,,2025-12-19T12:17:05+00:00,0,0,
low,reddit,AskLawyers,/u/Urumbine-kadichavan,Got hit by a car while legally crossing — driver’s insurance won’t cover my injuries. What are my legal options now?[Florida],"<!-- SC_OFF --><div class=""md""><p>Posting for a friend</p> <p>I got hit by a car last month while crossing the road. The pedestrian signal was for crossing the road. The driver was at green light but failed to yield my way and stopped the car after knocking down me. I sprained my ankle badly and couldn't walk properly for nearly a month. Police came to the site of the crash and prepared a crash report. I was taken to the hospital by paramedics. The hospital asked for CT scans since my hair clip ",https://www.reddit.com/r/AskLawyers/comments/1p7mf13/got_hit_by_a_car_while_legally_crossing_drivers/,injury attorney,,,2025-11-26T23:05:00+00:00,0,0,
low,reddit,AskLawyers,/u/ChasingMeteors,WA: tips when lawyers don’t take on housing discrimination cases.,"<!-- SC_OFF --><div class=""md""><p>Edited for clarity: WA: TIPS ON DRAFTING A SETTLEMENT REQUEST LETTER IF LAWYERS DON’T TAKE ON HOUSING DISCRIMINATION CASES</p> <p>A few years ago, I submitted a complaint to the Washington State Human Rights Commission over discrimination (my race/sex) throughout my tenancy. To the surprise of every lawyer I’ve spoken to, they responded 2.5 years later and scheduled a fact finding/settlement discussion. </p> <p>Prior to the diecussion, I tried to get a legal con",https://www.reddit.com/r/AskLawyers/comments/1p38rdv/wa_tips_when_lawyers_dont_take_on_housing/,injury attorney,,,2025-11-21T20:02:35+00:00,0,0,
low,reddit,AskLawyers,/u/allegedlyisnotguilty,Title: Seeking civil rights attorney for federal inmate: K9 bites while cuffed + officer still sharing photos (continuing misconduct),"<!-- SC_OFF --><div class=""md""><p>am looking for an experienced civil rights attorney or federal post-conviction attorney who is willing to review my brother’s case. I won’t post names or locations for safety and legal reasons, but here is what I can safely say • During his arrest, my brother was already handcuffed and in custody when a K9 continued biting him. • We have audio, documentation, and witnesses, including at least one law enforcement witness, who confirms what happened. • After the a",https://www.reddit.com/r/AskLawyers/comments/1oz3nb5/title_seeking_civil_rights_attorney_for_federal/,injury attorney,,,2025-11-17T01:46:22+00:00,0,0,
low,reddit,AskLawyers,/u/allegedlyisnotguilty,Seeking civil rights attorney for federal inmate: K9 bites while cuffed + officer still sharing photos (continuing misconduct),"<!-- SC_OFF --><div class=""md""><p>I am looking for an experienced civil rights attorney or federal post-conviction attorney who is willing to review my brother’s case. I won’t post names or locations for safety and legal reasons, but here is what I can safely say • During his arrest, my brother was already handcuffed and in custody when a K9 continued biting him. • We have audio, documentation, and witnesses, including at least one law enforcement witness, who confirms what happened. • After the",https://www.reddit.com/r/AskLawyers/comments/1oz3kza/seeking_civil_rights_attorney_for_federal_inmate/,injury attorney,,,2025-11-17T01:43:15+00:00,0,0,
low,reddit,AskLawyers,/u/Embarrassed_Draft469,📌[California] URGENT: Is My Medical Malpractice Case Still Within Statute? Need Expert Eyes,"<!-- SC_OFF --><div class=""md""><p>I’ll keep this short so people actually read it — but I really need help understanding whether the delayed-discovery rule applies to my situation.</p> <p>🔹The Basics • California • Ankle fracture → June 2024 • First ortho: no X-ray, no cast, told “it will heal on its own” • I got worse for 16 days • Specialist later said surgery should’ve been done within 48 hours • Needed ORIF → plate + 9 screws</p> <p>🔹2024–2025 • Every follow-up X-ray was reported as “healing",https://www.reddit.com/r/AskLawyers/comments/1oxzj46/california_urgent_is_my_medical_malpractice_case/,injury attorney,,,2025-11-15T18:48:05+00:00,0,0,
low,reddit,AskLawyers,/u/Final_Tip_6335,Sibling Exploited Parents’ Decline — Documented Evidence of Elder Abuse & Estate Misconduct (FL) — Seeking Legal Advice/Attorney,"<!-- SC_OFF --><div class=""md""><p><strong><em>Location: Florida</em></strong></p> <p>⚠️ <strong>Posting Disclaimer &amp; Cross-Post Template:</strong> I realize this post is lengthy, but I’m sharing it for visibility and guidance on a verified Florida elder-abuse and estate-misconduct case. I’ve cross-posted in legal and eldercare forums for reach. Please read in full.</p> <p>I will be sharing this in more legal-focused communities, but I’m hoping someone here might have experience, resources, o",https://www.reddit.com/r/AskLawyers/comments/1ogea0y/sibling_exploited_parents_decline_documented/,injury attorney,,,2025-10-26T07:17:21+00:00,0,0,
low,reddit,AskLawyers,/u/marr1ed,Questions about suing due to an injury from an e-scooter fall caused by a business employee putting a wooden plank next to the bike lane,"<!-- SC_OFF --><div class=""md""><p>Location: NYC.</p> <p>I fell from my electric scooter because a nearby business employee put a roughly 2'x3&quot;x3&quot; plank of wood next* to the bike lane, which was barely visible and blended into the road. Fortunately I was decelerating to turn when I hit it, so the collision could have been much worse. Minor scrapes to hand and knees, but I did suffer an impact to the upper left chest, possibly affecting the ribs, which I suspect may take weeks to fully h",https://www.reddit.com/r/AskLawyers/comments/1o2mdd0/questions_about_suing_due_to_an_injury_from_an/,injury attorney,,,2025-10-10T00:19:25+00:00,0,0,
low,reddit,AskLawyers,/u/Mombeast3,Attorney misconduct?,"<!-- SC_OFF --><div class=""md""><p>Location : I’m in Oregon and so is the business but the hired attorney is california </p> <p>Is it common practice for attorneys( CA/OR) representing a business to text clients calling them liars with emojis, claiming extortion and more after a participant declines a release of liability? Furthermore, he then sent me a cease and desist from the Oregon business , his California client/s and himself all in one labeling himself as a party in it, this all stems from",https://www.reddit.com/r/AskLawyers/comments/1ntwx7h/attorney_misconduct/,injury attorney,,,2025-09-29T23:02:31+00:00,0,0,
low,reddit,AskLawyers,/u/Mobile_Scale_245,New Jersey- Will a hold harmless letter saying we will not hold our neighbor liable for damages or death from allowing us to cross/use their property for pond access hold up in court?,"<!-- SC_OFF --><div class=""md""><p>Wall Township, NJ, USA. We bought our house 15 years ago, our neighbor bought theirs about 10 years ago. There is a pond which we have had access to for the last 15 years. We have to cross a remote area of my neighbors property to get into the pond for fishing, kayaking, and canoeing. Initially, the neighbor gave us verbal permission to cross their property, keep our small boats on their property, and install a staircase to comfortably walk up and down a hill.<b",https://www.reddit.com/r/AskLawyers/comments/1nlzg0p/new_jersey_will_a_hold_harmless_letter_saying_we/,injury attorney,,,2025-09-20T14:20:40+00:00,0,0,
low,reddit,AskLawyers,/u/Wormfarmer710,"Back injury sustained during rear ending with a broken neck from a 10ft fall 4 months prior. Lawyer is pushing for me to settle for an initial offer of $45k because “they will say your back injury is from the fall, not the car accident”","<!-- SC_OFF --><div class=""md""><p>Location: Denver, CO</p> <p>I have a bit of a complex case on my hands and have found myself between a rock and a hard place. I broke my neck in two places after a 10ft fall that was basically a dive in April of 2023 and 4 months after that, a car I was the passenger in was rear ended by an SUV on the highway doing 70mph, while the car I was in was doing about 15mph slowing down for a pack of traffic ahead on 225S leaving Denver International. The driver was on ",https://www.reddit.com/r/AskLawyers/comments/1qds55h/back_injury_sustained_during_rear_ending_with_a/,car accident lawyer,,,2026-01-15T18:50:29+00:00,0,0,
low,reddit,AskLawyers,/u/Dull_Armadillo_83,What would I need to do if i got hit by a car? (not majorly though….),"<!-- SC_OFF --><div class=""md""><p>Iowa</p> <p>I was walking to work Monday morning. I started walking across the crosswalk during the walk light when the car waiting turned towards me. He ran over my foot/ankle before I could back up. I fell on the ground in pain not able to move one of my legs and the other hurt too much to move at first. the guy got out of his car saying he didn’t see me and called 911. I told him to get my phone which had fallen and I called my husband who drove over to me an",https://www.reddit.com/r/AskLawyers/comments/1qdceau/what_would_i_need_to_do_if_i_got_hit_by_a_car_not/,car accident lawyer,,,2026-01-15T06:42:32+00:00,0,0,
low,reddit,AskLawyers,/u/bear6875,US 18 111 - detaining ICE observers,"<!-- SC_OFF --><div class=""md""><p>Edit: found a post about this over in <a href=""https://www.reddit.com/r/law"">r/law</a>. Thanks for the help though. Y'all stay safe. <a href=""https://reddit.com/comments/1q8lvw3"">https://reddit.com/comments/1q8lvw3</a></p> <p>Writing from south minneapolis. After the murder a couple days ago ICE agents are now actively confronting cars that they notice following them, warning the occupants that if they continue to follow they will be detained. Was told this is o",https://www.reddit.com/r/AskLawyers/comments/1q8h6el/us_18_111_detaining_ice_observers/,car accident lawyer,,,2026-01-09T19:05:58+00:00,0,0,
low,reddit,AskLawyers,/u/Littlebaby5659,Seeking advice,"<!-- SC_OFF --><div class=""md""><p>Hello, let me start this out by saying I am located in Sierra Vista, Arizona (I work in Tucson, Arizona) and I have a few issues with my current job that I’m unsure whether contacting a lawyer would be beneficial. Here’s the backstory. I, 23F was diagnosed with a heart condition at 11 that hinders me some days. I have SVT or Supraventricular tachycardia which causes high heart rate and, if left untreated for long periods of time, can weaken the heart and cause o",https://www.reddit.com/r/AskLawyers/comments/1q64s35/seeking_advice/,car accident lawyer,,,2026-01-07T03:43:17+00:00,0,0,
low,reddit,AskLawyers,/u/sargon_of_the_rad,Potential Liability in Virginia -tenant,"<!-- SC_OFF --><div class=""md""><p>Hello,</p> <p>I am hoping to get an idea of where to look in my documents for the rules of liability for a situation. I have a lawyer I've used regularly, but as I'm not yet being pressed for damages I don't want to engage his services yet. Hoping to get some ideas here in the interim. </p> <p>I have a 12 month lease on an apartment in VA. It is privately leased condo from an independent landlord (former occupier).</p> <p>I lost my job 9 months ago, right after ",https://www.reddit.com/r/AskLawyers/comments/1pzanih/potential_liability_in_virginia_tenant/,car accident lawyer,,,2025-12-30T06:22:24+00:00,0,0,
low,reddit,AskLawyers,/u/UnusualAd6529,Ok for me to draft a Purchase Agreement?,"<!-- SC_OFF --><div class=""md""><p>Context: I just finished my first semester of 1L. I am under no illusions that I can practice law or that I am a lawyer yet lol. I cannot say the same about my girlfriends parents who are asking me to draft an agreement so they can sell their car to a neighbor.</p> <p>This would be to sell a car in North Carolina, I study in NJ</p> <p>I was an M&amp;A paralegal for 6 years and have drafted plenty of purchase agreements. I feel comfortable I could find a form onl",https://www.reddit.com/r/AskLawyers/comments/1pu3388/ok_for_me_to_draft_a_purchase_agreement/,car accident lawyer,,,2025-12-23T19:42:21+00:00,0,0,
low,reddit,AskLawyers,/u/Hot-Nose-6689,Dealership Knowingly Sold Car with Airbag Fault,"<!-- SC_OFF --><div class=""md""><p>bought a car from a dealership in Texas, but I live in Georgia. At the time of purchase, the airbag warning light was on. The dealership didn't disclose this prior to my flight in, even though I had put a deposit down for the car weeks prior. The dealership showed me pictures of the SRS code that was on, which I have screenshots of. They initially offered $800 off, but gave me a $1500 discount to fix the airbag. I have it in writing (over text) that the salesman",https://www.reddit.com/r/AskLawyers/comments/1ptfkkr/dealership_knowingly_sold_car_with_airbag_fault/,car accident lawyer,,,2025-12-23T00:22:07+00:00,0,0,
low,reddit,AskLawyers,/u/Nickanator8,Fun hypothetical question: running a red light and other traffic violations in fear of death or great bodily harm.,"<!-- SC_OFF --><div class=""md""><p>Hey lawyers, the attorney in my life gave me the answer of &quot;that's not the area of law I practice&quot; so I figured I'd ask this here. </p> <p>Lets say I'm driving on the road and, for whatever reason, anger another motorist. I didn't do anything strictly illegal, but very annoying. For the sake of argument, let's say I cut them off. This enrages the other motorist and they begin honking, yelling, flipping the bird, etc. Typical road rage behavior.</p> <p>",https://www.reddit.com/r/AskLawyers/comments/1prutnn/fun_hypothetical_question_running_a_red_light_and/,car accident lawyer,,,2025-12-21T01:58:28+00:00,0,0,
low,reddit,AskLawyers,/u/Ok-Lab7709,What steps should I take to seek a settlement?,"<!-- SC_OFF --><div class=""md""><p>Located inMontana. Lawyers of Reddit, I had an extremely traumatic event occur at my old job that altered my life forever. Management was very much at fault. I want to seek a settlement but I’m not sure the steps I should take. Here’s a brief summery of what happened. I would greatly appreciate some help! Trigger warning: self harm, suicide, retaliation </p> <p>At this time I was had been working in a pet store for about a year and a half. In late may, I reporte",https://www.reddit.com/r/AskLawyers/comments/1prayf0/what_steps_should_i_take_to_seek_a_settlement/,car accident lawyer,,,2025-12-20T10:02:16+00:00,0,0,
low,reddit,AskLawyers,/u/Aware-Top-2106,I hit an uninsured (but licensed) teen (CA),"<!-- SC_OFF --><div class=""md""><p>I had a relatively minor fender bender today. The car in front of me stopped short and I rear-ended it. No injuries. I’d guess the damage to his car is about $500-1500. Damage to my car is more like $1500-2500.</p> <p>I have had (until now) a spotless driving record and I have excellent insurance. The person I hit showed me their car registration - it’s a brand new car, registered 3 weeks ago. He said he hasn’t had a chance to get insurance yet, and has asked me",https://www.reddit.com/r/AskLawyers/comments/1pq8o2n/i_hit_an_uninsured_but_licensed_teen_ca/,car accident lawyer,,,2025-12-19T01:47:49+00:00,0,0,
low,reddit,AskLawyers,/u/Healthy-Might-1291,Lawyer chicago,"<!-- SC_OFF --><div class=""md""><p>I moved into my apartment with no prior history of respiratory or chest issues. After living there, I developed chronic nasal inflammation, intermittent shortness of breath, and episodes of chest heaviness. I was also diagnosed with angina about 8 months in. I saw an allergist who documented chronic rhinitis and shortness of breath and prescribed allergy medication and an albuterol inhaler, with further testing ordered. The testing revealed allergies and some mo",https://www.reddit.com/r/AskLawyers/comments/1pupxzs/lawyer_chicago/,personal injury,,,2025-12-24T15:29:30+00:00,0,0,
low,reddit,AskLawyers,/u/WittyName4U,[PA] Opposing counsel in a civil personal injury suit is claiming their Answer to the Complaint is privileged work product and therefore cannot be disclosed. That's a crazy claim to make...right?,"<!-- SC_OFF --><div class=""md""><p>Brief background. I filed a Complaint, OC missed Answer deadline and Default Judgment was granted. They petitioned the Court to strike Default Judgment and attached an Answer that was nothing but blanket denials. Regardless, the judge granted their petition because it was timely. Fast forward a few months and they start making ridiculous discovery demands. 46 numbered interrogatories, 120+ including subsections, requesting the production of literally thousands o",https://www.reddit.com/r/AskLawyers/comments/1psagzz/pa_opposing_counsel_in_a_civil_personal_injury/,personal injury,,,2025-12-21T16:28:32+00:00,0,0,
low,reddit,AskLawyers,/u/Wunntu,Alabama Personal Injury,"<!-- SC_OFF --><div class=""md""><p>Would it be considered unethical for an atty to hold an insurance settlement check for a month before depositing it into the trust acct? ( Reason given-Settlement checks are deposited once a month into a trust &amp; the deadline had already passed when the insurance company issued the check). Thank you to anyone that chooses to leave a comment that offers any insight... </p> </div><!-- SC_ON --> &#32; submitted by &#32; <a href=""https://www.reddit.com/user/Wunnt",https://www.reddit.com/r/AskLawyers/comments/1pqsfba/alabama_personal_injury/,personal injury,,,2025-12-19T18:25:20+00:00,0,0,
low,reddit,AskLawyers,/u/DirtbagSE-Clow-Reed,Jury Duty Experience - Recommendations for Legal Reform Advocacy Groups,"<!-- SC_OFF --><div class=""md""><p>I'm coming to terms with my experience with Jury Duty from a few years ago. I feel a need to tell my story and ask what I aught do about it and who I should involve myself with as I have had an unfortunately solipsistic life.</p> <p>The parts of my personal background that I feel relevant are this. I'm pushing two score. I grew up in a broken home with a front door less than a football field from the county line. I'm as intelligent as 1 in 100 people, give or ta",https://www.reddit.com/r/AskLawyers/comments/1pbltzk/jury_duty_experience_recommendations_for_legal/,personal injury,,,2025-12-01T19:13:01+00:00,0,0,
low,reddit,AskLawyers,/u/MotorSecret776,Mentally ill uncle tried to unalive us (india),"<!-- SC_OFF --><div class=""md""><p>So hi guys, i know the tittle sounds crazy and it is mostly because it is. My mentally ill uncle, lives with us, he is aggresive and I personally think is not crazy because whenever he's outside with my aunts he acts completely fine but when he's with us (father,mother, grandmother,sister) he says things that I can't say on here, my sister is young and is only 12 I'm 17 myself and he has been torturing us and me since my whole life once he tried to unalive me wh",https://www.reddit.com/r/AskLawyers/comments/1okn0bs/mentally_ill_uncle_tried_to_unalive_us_india/,personal injury,,,2025-10-31T06:09:21+00:00,0,0,
low,reddit,AskLawyers,/u/Zestyclose-You1580,Subrogation letter for rental property damage.,"<!-- SC_OFF --><div class=""md""><p>Back in March my apartment got flooded, a toilet overflowed while I was not home. </p> <p>At the time my landlord asked me to pay their insurance deductible for the damages; I told them my deposit and last 2 months rent would be all I’d pay (which exeeded their deductible) as the apartment was not habitable after the incident. I do not feel that the fault was mine as there was no negligence on my part that created the damage. </p> <p>Fast forward to their insura",https://www.reddit.com/r/AskLawyers/comments/1qe1tns/subrogation_letter_for_rental_property_damage/,need lawyer,,,2026-01-16T01:06:00+00:00,0,0,
low,reddit,AskLawyers,/u/dreadpirateboone,No Responses and Alternative Pay Options,"<!-- SC_OFF --><div class=""md""><p>Hey all, two part question for Pennsylvanian seeking legal services. </p> <ol> <li><p>I am having a difficult time getting any firm to respond to my inquiry for legal services. I am opening a new real estate company and need help setting the company up and then receiving follow on support for standard real estate related services (purchase agreements, zoning, etc). For some reason I cannot get any responses from any firms. I can’t even get a response to set up a",https://www.reddit.com/r/AskLawyers/comments/1qctj05/no_responses_and_alternative_pay_options/,need lawyer,,,2026-01-14T17:30:50+00:00,0,0,
low,reddit,AskLawyers,/u/Hot-Turn-4633,"Really need a lawyers input,thanks in advance.","<!-- SC_OFF --><div class=""md""><p>in Tennessee I bought a mobile home in trailer park back in 2014 paid off in a 2022 ,but never received a title so I quit paying lot rent back in September, well the park manager kept threatening to change locks and throw my belongings in trash which was a fully furnished house.I was not staying the trailer since October. But I was never took to court and evicted through the courts. Now they have someone in my house cleaning and throwing stuff away tht I left</p",https://www.reddit.com/r/AskLawyers/comments/1qc0j5z/really_need_a_lawyers_inputthanks_in_advance/,need lawyer,,,2026-01-13T19:21:30+00:00,0,0,
low,reddit,AskLawyers,/u/Pile_of_Yarn,"Already received settlement payment, now being asked to sign a lengthy Full and Complete release. Do I have to sign this? Located in Mississippi","<!-- SC_OFF --><div class=""md""><p>Settled a civil suit during mediation in November, received payment a couple weeks later. Now, my attorney keeps pressing me to sign and return a full and complete release because the defendant and their lawyer need it. </p> <p>Do I have any legal obligation to sign this after the fact?</p> </div><!-- SC_ON --> &#32; submitted by &#32; <a href=""https://www.reddit.com/user/Pile_of_Yarn""> /u/Pile_of_Yarn </a> <br /> <span><a href=""https://www.reddit.com/r/AskLawye",https://www.reddit.com/r/AskLawyers/comments/1qbhm50/already_received_settlement_payment_now_being/,need lawyer,,,2026-01-13T04:18:51+00:00,0,0,
low,reddit,AskLawyers,/u/NextDoor_Arcade,"I got advice from CGPT, need to see if it’s valid or trash","<!-- SC_OFF --><div class=""md""><p>For context, we are in Harris County, Texas.</p> <p>Back in October, I had my Zelle frozen. I didn’t know why at first, and then later in the month, someone we will call X, demanded his money back for a job I was still working on, or he would “get his lawyer involved.” Me, not wanting to deal with lawyers, got my friend and we went to the store nearby to withdraw money to pay him back. He said he would remove the claim, we blocked and avoided each other, didn’t ",https://www.reddit.com/r/AskLawyers/comments/1qba4un/i_got_advice_from_cgpt_need_to_see_if_its_valid/,need lawyer,,,2026-01-12T22:54:56+00:00,0,0,
low,reddit,AskLawyers,/u/CSMasterClass,How to open a conversation with a Lawyer,"<!-- SC_OFF --><div class=""md""><p>I would like to talk, just talk, with a lawyer, for an honest hour about how this works. How do I do this. My domain is estate planning in PA but I may move and the question is general than jus PA. </p> <p>How do I do this ?</p> <p>Can I call up. Say, OK. I pay 300 bucks (or whaterver) and we will talk for 60 minutes. No work product or document required.</p> <p>All I want is honest answers about the usual processes of probate, but I do not need the basics. I ne",https://www.reddit.com/r/AskLawyers/comments/1q8rzop/how_to_open_a_conversation_with_a_lawyer/,need lawyer,,,2026-01-10T02:26:15+00:00,0,0,
low,reddit,AskLawyers,/u/Bilbo_Bonggins,Possible litigation help with inspection company after home purchase,"<!-- SC_OFF --><div class=""md""><p>I'm looking for <em>professional</em> thoughts on my first time home purchase and inspection company concern. </p> <p>After purchase, a licensed electrician told me my electric panel (Federal Pacific) was outdated and potential fire hazard, and has other concerns he cannot yet see. (Yes, this is a trusted electrician!) </p> <p>My realtor and I approached the inspection company inquiring why this was left out and kindly requested potential inspection reimbursemen",https://www.reddit.com/r/AskLawyers/comments/1q7hbdx/possible_litigation_help_with_inspection_company/,need lawyer,,,2026-01-08T17:04:54+00:00,0,0,
low,reddit,AskLawyers,/u/Sticcystic,Nebraska: I want to cut my family out of responsibility for my body after I die and for any issue of POA.,"<!-- SC_OFF --><div class=""md""><p>Hello, thank you for taking the time to read this.</p> <p>To put it simply, my parents are not the people I want to have power over my body or medical decisions. And I can't trust any other immediate family as they would allow my parents to make decisions through them.</p> <p>I'm 25, not in ill health and planning for eventualities. </p> <p>How difficult would it be to give POA and power over my body over to the state via a will? Would I need a lawyer?</p> <p>I ",https://www.reddit.com/r/AskLawyers/comments/1q6xvmc/nebraska_i_want_to_cut_my_family_out_of/,need lawyer,,,2026-01-08T01:13:24+00:00,0,0,
low,reddit,AskLawyers,/u/Ok_District_8338,California employer hasn't paid me minimum wage for years,"<!-- SC_OFF --><div class=""md""><p>Hello, I've been a full-time, exempt employee with my company for over 14 years. I recently learned through my own research that for the past 5+ years as California's minimum wage has increased, they haven't been paying me the legal minimum for a full-time exempt employee in California which is 2x the state minimum wage rate. I brought this to the attention of HR and they simply paid out what was owed to me to bring my salary up to the minimum each of the years ",https://www.reddit.com/r/AskLawyers/comments/1q6mnl0/california_employer_hasnt_paid_me_minimum_wage/,need lawyer,,,2026-01-07T18:04:19+00:00,0,0,
low,reddit,AskLawyers,/u/Redcapediverfox,Need advice after companies HR asked me to tender my own resignation after moving.,"<!-- SC_OFF --><div class=""md""><p>Background, I worked for a startup in California as an engineer where I was fully remote for 3 years and then that company was acquired by a muuuuch larger company which I have been with for about 2 years. I recently moved to Oregon to be closer to family and I was told we would evaluate my work performance 6 monyhs later and go from which I was fine with. Now about 2 weeks ago I was told I needed to move back by 01-12-25 or it would be a &quot;voluntary exit fr",https://www.reddit.com/r/AskLawyers/comments/1q64ci1/need_advice_after_companies_hr_asked_me_to_tender/,need lawyer,,,2026-01-07T03:23:55+00:00,0,0,
low,reddit,AskLawyers,/u/Teeth_Stereo,My boss is trying to pay off a debt of mine without permission so she can take from my paycheck.,"<!-- SC_OFF --><div class=""md""><p>Location: Illinois</p> <p>Hello everyone,</p> <p>My dog recently had emergency surgery last month and i had called my 401k company to see if there was any way to withdraw funds instantly (I now understand its a lengthy process) while i was at the vet talking with one of the reps she offered to pay half of the total bill towards the surgery which is the amount i was missing to be able to afford it.</p> <p>My boss found out after the reps supervisor had told her a",https://www.reddit.com/r/AskLawyers/comments/1q5563z/my_boss_is_trying_to_pay_off_a_debt_of_mine/,need lawyer,,,2026-01-06T01:45:30+00:00,0,0,
low,reddit,AskLawyers,/u/physicaltherapyPT,[NY] Got an email from a lawyer representing work place and don't know what to do,"<!-- SC_OFF --><div class=""md""><p>Hi all,</p> <p>My mother is a nurse and works for a hospital. She was called into court a few years ago to discuss a case regarding a patient that she cared for in the past. She was questioned by the opposing lawyer in presence of the hospital's lawyer.</p> <p>Now after a few years, she received another email from the hospital's lawyer's office, saying that she needs to appear in court again. She brought it up to her higher ups and they all acted really surprise",https://www.reddit.com/r/AskLawyers/comments/1q42ehg/ny_got_an_email_from_a_lawyer_representing_work/,need lawyer,,,2026-01-04T21:37:10+00:00,0,0,
low,reddit,AskLawyers,/u/Important-Figure-512,[NY] Medical Debt Surprise Bill Collection’s Reporting,"<!-- SC_OFF --><div class=""md""><p>I was hospitalized last year and have been disputing a 3.6 bill that was a surprise bill by NYU Langone. This bill was sent to a collection agency according to the NYU website despite my numerous attempts to communicate with them about the surprise bill. Additionally, my insurance sent me money to send to them and they never received the checks the 3 times I sent them. I was told they just needed to check box 13 and refile to have insurance it to them directly t",https://www.reddit.com/r/AskLawyers/comments/1q36nbx/ny_medical_debt_surprise_bill_collections/,need lawyer,,,2026-01-03T21:26:17+00:00,0,0,
low,reddit,AskLawyers,/u/WittyCollection1178,Seeking Information about Jobs Relating to Politics,"<!-- SC_OFF --><div class=""md""><p>Hi everybody,</p> <p>I imagine that political figures need legal teams, so I am posting here to ask a lawyer. </p> <p>I am currently enrolled in a paralegal certification program here in California, and I am on track to finish by fall. I have always wanted to be involved in politics in one way or another, so I was wondering if there were any positions available that would merge the two (paralegal, politics)? How does one find these job positions? How common are ",https://www.reddit.com/r/AskLawyers/comments/1q33d2v/seeking_information_about_jobs_relating_to/,need lawyer,,,2026-01-03T19:17:46+00:00,0,0,
low,reddit,AskLawyers,/u/BlackHeartHM,"Navarro County, Texas-Dad Died Intestate-Only Heir-Desperate.ADVICE","<!-- SC_OFF --><div class=""md""><p>MY dad passed away Aug2024. I am his only heir. His estate is in Navarro County, Texas. I was bullied by his sibling to sign my aunt as the administrator of estate and now she is mishandling his estate and his siblings are keeping me from what's rightfully mine and threatening to sell everything he owed.I want to remove her as the administrator but have been having issues finding an attorney to help. I'm grown and do not need an administrator to handle my dad's ",https://www.reddit.com/r/AskLawyers/comments/1q2xna3/navarro_county_texasdad_died_intestateonly/,need lawyer,,,2026-01-03T15:40:00+00:00,0,0,
low,reddit,AskLawyers,/u/UnusualAd6529,Current 1L Curious about a Career in Environmental/Infrastructure/Zoning Regulations,"<!-- SC_OFF --><div class=""md""><p>I am currently a 1L in the North East. My dream is to work for organizations developing green infrastructure. That includes anything from renewables (Solar/wind) to rail infrastructure or even urban housing development. </p> <p>I'm looking to talk to attorneys in any of these fields to understand what the pathways to these fields are and how I can go about placing my self in those pipelines. </p> <p>A little bit about myself (29M): I worked as a paralegal in M&a",https://www.reddit.com/r/AskLawyers/comments/1qgflip/current_1l_curious_about_a_career_in/,looking for attorney,,,2026-01-18T18:05:03+00:00,0,0,
low,reddit,AskLawyers,/u/JerseyGuy1975,Seeking an employment attorney in NY,"<!-- SC_OFF --><div class=""md""><p>I am looking for a New York–based employment attorney with a proven record handling reverse discrimination, wrongful termination, and independent contractor misclassification matters.</p> <p>Ideally, someone experienced with:</p> <p>• EEOC and NYSDHR filings</p> <p>• Disparate treatment and selective enforcement of conduct policies</p> <p>• Contractor vs. employee classification disputes</p> <p>• Retaliation and reputational harm following termination</p> <p>Thi",https://www.reddit.com/r/AskLawyers/comments/1qf6v5q/seeking_an_employment_attorney_in_ny/,looking for attorney,,,2026-01-17T07:24:51+00:00,0,0,
low,reddit,AskLawyers,/u/PastTrauma21,The attorney-client privilege problem with AI document review just killed our entire tech roadmap,"<!-- SC_OFF --><div class=""md""><p>Our firm wanted AI for discovery, budgeted for it, got partner approval, started vendor evaluation. Everything looked good until our ethics partner asked one simple question during final review: how do we maintain attorney-client privilege if client documents get processed on vendor servers?</p> <p>I tried explaining that chatgpt and claude have enterprise agreements, tried showing security certifications from legal-specific tools like harvey and cocounsela and ",https://www.reddit.com/r/AskLawyers/comments/1qelcdk/the_attorneyclient_privilege_problem_with_ai/,looking for attorney,,,2026-01-16T16:53:44+00:00,0,0,
low,reddit,AskLawyers,/u/LyonKitten,"Probably malpractice, but when should I pursue in CO?","<!-- SC_OFF --><div class=""md""><p>So, I should start with a little backstory and pertinent information before getting into my legal question. Unfortunately, it's still a long story, so I apologize now. </p> <p>I have several chronic illnesses, I'll only include the ones that matter here though. I have Ehlers-Danlos Syndrome (EDS- connective tissue/multi-systemic disorder), Psoriasis (affects mainly my hands) and Psoriatic Arthritis (both Ps &amp; PsA are autoimmune disorders). I was diagnosed wi",https://www.reddit.com/r/AskLawyers/comments/1qe3x5k/probably_malpractice_but_when_should_i_pursue_in/,looking for attorney,,,2026-01-16T02:39:42+00:00,0,0,
low,reddit,AskLawyers,/u/AsesinoYT,"Fintech Lawyers: Question on ""Agent of a Payee"" vs. MTL for a same-user liquidity orchestration model","<!-- SC_OFF --><div class=""md""><p>Location: Global </p> <p>Hi everyone I am currently architecting a tool that orchestrates liquidity between a user's disparate financial accounts (User Bank -&gt; FBO -&gt; User Liability). We are looking at using a Sponsor Bank FBO model with FedNow/RTP rails for near-instant settlement. I have two technical regulatory questions I'm hoping to get some direction on:</p> <p>MTL vs. Exemption: Since the flow of funds is strictly between accounts owned by the same ",https://www.reddit.com/r/AskLawyers/comments/1qbh6dp/fintech_lawyers_question_on_agent_of_a_payee_vs/,looking for attorney,,,2026-01-13T03:57:58+00:00,0,0,
low,reddit,AskLawyers,/u/ApprehensiveSmell877,"Do lawyers actually want a “mediation workflow” tool, or is email chaos the norm?","<!-- SC_OFF --><div class=""md""><p>I’m validating an idea and need honest feedback from attorneys and mediators.</p> <p>In cases headed to mediation, the workflow I see looks like:</p> <ul> <li>endless email chains to schedule</li> <li>unclear “who said what when”</li> <li>offers/counteroffers scattered across threads</li> <li>mediator fees handled inconsistently</li> <li>call notes living in someone’s private doc or nowhere</li> </ul> <p>Hypothesis: there’s room for a lightweight platform that:<",https://www.reddit.com/r/AskLawyers/comments/1qb4g9q/do_lawyers_actually_want_a_mediation_workflow/,looking for attorney,,,2026-01-12T19:24:02+00:00,0,0,
low,reddit,AskLawyers,/u/GoGettaGirl,[NC] Can a 16yr old move out with guardian consent to attend a school in a different county? (To reside w/biological parent.),"<!-- SC_OFF --><div class=""md""><p>This was an unfortunate gut punch during one of the happiest times in my little family’s life. My partner had allowed his parents to take guardianship of his child to circumvent the VERY corrupted ways of the DSS in Iredell County NC circa 2010-2015. The very case workers who manipulated and lied to him and his parents were terminated and sued in the following years, but they had moved to rural Eastern NC and thought that they had secured their family.</p> <p>No",https://www.reddit.com/r/AskLawyers/comments/1qafoun/nc_can_a_16yr_old_move_out_with_guardian_consent/,looking for attorney,,,2026-01-12T00:12:46+00:00,0,0,
low,reddit,AskLawyers,/u/midnightdrivegirl,NH – Preventive options when APS won’t act on POA misuse risk,"<!-- SC_OFF --><div class=""md""><p>My father lives in New Hampshire and has Alzheimer’s disease with significant memory and judgment impairment. In November 2025, my brother obtained a Durable Power of Attorney and now has exclusive control over my father’s finances.</p> <p>I contacted Adult Protective Services, and they told me they cannot investigate unless misuse occurs <em>after</em> the POA date, and that older conduct falls outside their scope. I understand their limits, but I’m concerned a",https://www.reddit.com/r/AskLawyers/comments/1qa8hfi/nh_preventive_options_when_aps_wont_act_on_poa/,looking for attorney,,,2026-01-11T19:27:16+00:00,0,0,
low,reddit,AskLawyers,/u/gorilladiamondhands,Choosing where to build a PI career long term - would greatly appreciate advice from practicing attorneys,"<!-- SC_OFF --><div class=""md""><p><strong>TL;DR:</strong> early twenties PI intake specialist in NYC, applying to law school soon. Trying to keep debt low and eventually build a marketing-driven PI firm. Deciding where to plant long-term roots. Strongly considering <strong>Vegas, Phoenix, and Florida (Miami/Tampa)</strong>. Looking for honest input from attorneys anywhere.</p> <p>I’m in my early twenties and currently working as a PI intake specialist at a small-medium NYC plaintiff firm, so I s",https://www.reddit.com/r/AskLawyers/comments/1qa7z6k/choosing_where_to_build_a_pi_career_long_term/,looking for attorney,,,2026-01-11T19:08:19+00:00,0,0,
low,reddit,AskLawyers,/u/Specialist_Grass2345,[CA] Looking for Employment Attorney – Retaliation & Discrimination at FAANG,"<!-- SC_OFF --><div class=""md""><p>Location: California</p> <p>I’m looking for an employment attorney who handles retaliation and discrimination cases. I work at a FAANG tech company and have strong documentation showing retaliatory actions after engaging in protected activity.</p> <p>Recently, my employer reduced my pay rate, explicitly stating that I “cause too much trouble.” This came after I raised workplace concerns. I have clear evidence (emails, timelines, written statements) supporting re",https://www.reddit.com/r/AskLawyers/comments/1q8h30a/ca_looking_for_employment_attorney_retaliation/,looking for attorney,,,2026-01-09T19:02:23+00:00,0,0,
low,reddit,AskLawyers,/u/Accomplished_Cry8376,It only took me 8 years to figure it out 😔 Is there anything I can do for this? Any course of action?,"<!-- SC_OFF --><div class=""md""><p>This may be a long read but I hope someone reads it and provides some help. I would greatly appreciate it. As I finally learned what has happened with a clear mind 3 days ago....and it only took me 8 years to figure it out 😔</p> <p>Location: FL</p> <p>I was ordered to write a written memo after asking a question for an arrest that wasn’t making any sense, wasn’t my report and last but not least, for something I couldn’t arrest someone for. My agency initiated an",https://www.reddit.com/r/AskLawyers/comments/1q84340/it_only_took_me_8_years_to_figure_it_out_is_there/,looking for attorney,,,2026-01-09T09:42:31+00:00,0,0,
low,reddit,AskLawyers,/u/Accomplished_Cry8376,It only took me 8 years to figure this out... 😔 Is there course of action I can take? State: FL,"<!-- SC_OFF --><div class=""md""><p>This may be a long read but I hope someone reads it and provides some help. I would greatly appreciate it. As I finally learned what has happened with a clear mind 3 days ago....and it only took me 8 years to figure it out 😔</p> <p>I was ordered to write a written memo after asking a question for an arrest that wasn’t making any sense, wasn’t my report and last but not least, for something I couldn’t arrest someone for. My agency initiated an internal investigat",https://www.reddit.com/r/AskLawyers/comments/1q8409g/it_only_took_me_8_years_to_figure_this_out_is/,looking for attorney,,,2026-01-09T09:37:38+00:00,0,0,
low,reddit,AskLawyers,/u/Silver_Scallion_1127,My ex is not mentally stable to watch my son by herself. What can I do?,"<!-- SC_OFF --><div class=""md""><p>We're in Massachusetts and never married so the custody automatically goes to her.</p> <p>Before we broke up, she stated many times that she has child regret, wish she lived somewhere else and even states that she WISHED that she's a deadbeat mom and wants to live freely. I only looked forward to having our son. When we broke up, she left on her own but still stated that she wants him to live with her which seemed weird after all she says. It might seem she only",https://www.reddit.com/r/AskLawyers/comments/1q66on2/my_ex_is_not_mentally_stable_to_watch_my_son_by/,looking for attorney,,,2026-01-07T05:16:12+00:00,0,0,
low,reddit,AskLawyers,/u/Difficulties7563,Looking for top attorneys in my area,"<!-- SC_OFF --><div class=""md""><p>Location: Whiteside County Illinois. Mother of my child has had multiple incidents with the police relating to her going phsyco and hitting me. Dcfs case worker placed child in my care as of 3 days ago and she showed up today going phsyco after I claimed I am calling the Non emergancy line to witness the visitation. Ended up screaming at officers and refusing to leave the street for 1 hour. Looking for the top lawyers in my area to proceed with</p> </div><!-- SC",https://www.reddit.com/r/AskLawyers/comments/1q6117i/looking_for_top_attorneys_in_my_area/,looking for attorney,,,2026-01-07T00:59:33+00:00,0,0,
low,reddit,AskLawyers,/u/Haunting_Specialist8,"CA – Retaliatory eviction, unvalidated debt, and credit damage after landlord dismissed case. Small claims or civil court? Please help","<!-- SC_OFF --><div class=""md""><p>Hi everyone — I’m looking for guidance from CA attorneys or people familiar with landlord-tenant and debt collection law.</p> <p>I’m in California. This started as a maintenance issue that escalated into what appears to be <strong>retaliatory eviction and improper debt collection</strong>, and I’m trying to decide whether <strong>small claims or civil court</strong> is the right path.</p> <p><strong>Brief timeline:</strong></p> <p>• I was a tenant in good standi",https://www.reddit.com/r/AskLawyers/comments/1q5rzlu/ca_retaliatory_eviction_unvalidated_debt_and/,looking for attorney,,,2026-01-06T19:17:01+00:00,0,0,
low,reddit,AskLawyers,/u/moonchild_95,"Served with a credit card lawsuit (Navy Federal, ~$5k)…. Recently separated veteran, unsure of next steps","<!-- SC_OFF --><div class=""md""><p>Hi all 👋🏼 I’m hoping for some guidance on what my smartest next steps should be.</p> <p>I was just personally served at my home with a civil lawsuit filed by Navy Federal Credit Union for an alleged credit card default of about $4,982. The lawsuit is in Idaho (Ada County), and I have 21 days to respond before a default judgment can be entered.</p> <p>Some background/context: - I opened the credit card in 2016 - I have not used the card in at least 2.5 years - I ",https://www.reddit.com/r/AskLawyers/comments/1q5rqm0/served_with_a_credit_card_lawsuit_navy_federal_5k/,looking for attorney,,,2026-01-06T19:07:49+00:00,0,0,
low,reddit,AskLawyers,/u/Whole_Association488,Seeking pro bono / contingency housing or civil rights attorney (Oregon),"<!-- SC_OFF --><div class=""md""><p>Hi, I’m looking for referrals to a pro bono or contingency attorney in Oregon who handles housing, disability discrimination, or civil rights cases.</p> <p>I’m a tenant with a documented disability and have been dealing with ongoing issues related to excessive noise, landlord inaction, and retaliation, complicated by a family relationship between the landlord and neighboring tenants. I’ve made good-faith attempts to resolve the issue and have documentation (logs",https://www.reddit.com/r/AskLawyers/comments/1q4s87y/seeking_pro_bono_contingency_housing_or_civil/,looking for attorney,,,2026-01-05T17:37:21+00:00,0,0,
low,reddit,AskLawyers,/u/memesplicity,CA MSO/PC Structure - What can MSO charge for telehealth ADHD practice?,"<!-- SC_OFF --><div class=""md""><p>I'm setting up a telehealth ADHD diagnosis practice in California using the MSO/PC model to comply with CPOM.</p> <p><strong>Service structure:</strong></p> <ul> <li>Patient pays $189 for online ADHD assessment</li> <li>Patient pays $199 for video consultation with psychologist for diagnosis</li> </ul> <p><strong>My question:</strong></p> <p>As the MSO owner, what am I allowed to charge the PC for? I'm providing:</p> <ul> <li>Telehealth platform/software</li> <l",https://www.reddit.com/r/AskLawyers/comments/1q2ku3m/ca_msopc_structure_what_can_mso_charge_for/,looking for attorney,,,2026-01-03T04:21:04+00:00,0,0,
low,reddit,AskLawyers,/u/GetGreatB42Late,I was asked by a detective to show up to talk. She said I’m not being arrested or served. Should I go? Do I legally have to go?,"<!-- SC_OFF --><div class=""md""><p>Earlier this week a detective came to my apartment, but I did not answer the door because I thought it was my leasing office. I later found out it was a detective.</p> <p>Today the detective called me and I answered without knowing who it was. I previously filed a small claims case against my ex for property damage, but I missed the court date because I gave the court the wrong address. The detective told me this current issue is not related to that case.</p> <p",https://www.reddit.com/r/AskLawyers/comments/1q2ezqu/i_was_asked_by_a_detective_to_show_up_to_talk_she/,looking for attorney,,,2026-01-03T00:01:24+00:00,0,0,
low,reddit,insurance,/u/0510Sullivan,Should I sue my insurance company?,"<!-- SC_OFF --><div class=""md""><p>State:alabama so pay is low and laws are fucked 100k uninsured under insured policy </p> <p>Hit head on and got concussion and had 3 months of therapy for thoracic and cervical spine damage. This is backed my a neurologist and neuropsycologist at a major hospital. Totaled an brand new Mazda. Unisnured driver fell asleep at wheen of a Turo car rented to his girlfriend. Everything caught on body cam of police officer that had pulled over a driver up the block so f",https://www.reddit.com/r/Insurance/comments/1p3kccj/should_i_sue_my_insurance_company/,injury attorney,,,2025-11-22T04:40:24+00:00,0,0,
low,reddit,insurance,/u/Sea_Pickle_1867,Car totaled. Other driver 100% at fault. Now dealing with a herniated disc + major life impact. What kind of settlement range is realistic?,"<!-- SC_OFF --><div class=""md""><p>Back in May, I was in a collision where the other driver was found 100% at fault. My car was totaled.</p> <p>I initially thought I walked away with minor injuries, but since then I’ve been dealing with <strong>chronic neck and back pain</strong>. Imaging showed a <strong>herniated disc</strong>. I was doing weekly physical therapy in Texas and was scheduled for an injection, but everything stopped because losing my car forced me to relocate to NYC with my kids. ",https://www.reddit.com/r/Insurance/comments/1owxezt/car_totaled_other_driver_100_at_fault_now_dealing/,injury attorney,,,2025-11-14T14:07:10+00:00,0,0,
low,reddit,insurance,/u/Ok-Wheel8149,Settlement 3x Rollover on Freeway,"<!-- SC_OFF --><div class=""md""><p>BI Limits - limits were never in question but $250/500k with additional $3m umbrella.</p> <p>August 2023, hit from behind on freeway while slowing from approx 60mph to 20mph over a short-ish distance (maybe half mile) in heavy traffic. The car behind me was a 20-something driver on their parents policy, thankfully, and not on their own policy or this would have likely ended much worse for me. The other driver was likely looking at a phone or some other distracti",https://www.reddit.com/r/Insurance/comments/1osa7g1/settlement_3x_rollover_on_freeway/,injury attorney,,,2025-11-09T04:39:14+00:00,0,0,
low,reddit,insurance,/u/zealousfreak27,I might be in trouble...,"<!-- SC_OFF --><div class=""md""><p>So I currently don't have a permanent residence. I'm traveling for work. I am hoping to have a permanent place within a couple months, at which time I was going to go through the whole process of registering my car in a new state and updating my insurance.</p> <p>The issue is I got into a wreck, far from where my last permanent address was. I told the claims officer I was traveling which is true, but I've been travelling for a while now. </p> <p>The claim has be",https://www.reddit.com/r/Insurance/comments/1qgq6n2/i_might_be_in_trouble/,car accident lawyer,,,2026-01-19T01:12:50+00:00,0,0,
low,reddit,insurance,/u/Fantastic-Bad8064,I crashed and I’m just now getting insurance,"<!-- SC_OFF --><div class=""md""><p>So a little bit ago I was driving my friends car and crashed it into a parked car (it was a big car and I don’t realize how close I was) and their insurance paid for damages, obviously their insurance went up and I gave them money for that but I’m getting my own insurance since I just turned 18 and am completely independent so would that crash be on my record since I did get any tickets or anything and would I have to pay more for insurance since I crashed?</p> ",https://www.reddit.com/r/Insurance/comments/1qgodef/i_crashed_and_im_just_now_getting_insurance/,car accident lawyer,,,2026-01-18T23:53:32+00:00,0,0,
low,reddit,insurance,/u/Rockstar-Rose,Car Accident insurance settlement Advice,"<!-- SC_OFF --><div class=""md""><p>My car was hit from behind really hard. I was driving a Mercedes 450 GLS 450 and she was driving a dodge charger. I was at a red light minding my business when I felt my entire body jerk forward accompanied by the loud sound of the impact. The next day and days to follow my back and neck pain has been getting worse. I’m 47 so these injuries don’t just go way. My car don’t seem to have as much going on as I currently do. I’m not one to do traditional physical the",https://www.reddit.com/r/Insurance/comments/1qglzr8/car_accident_insurance_settlement_advice/,car accident lawyer,,,2026-01-18T22:15:43+00:00,0,0,
low,reddit,insurance,/u/ikjosan99,Insurance asking money back for car storage,"<!-- SC_OFF --><div class=""md""><p>Back in 2024 my car was on fire in ontario, canada &amp; it was already total loss. I had stored my car with tow truck company &amp; insurance was asking me release the car but my tow truck company didn’t want to as they were forcing me not to because they were saying me I don’t have to pay out of pocket &amp; you have full right to store the car anywhere.</p> <p>Insurance company had to do their investigation how the car went on fire. At the end up storing the ",https://www.reddit.com/r/Insurance/comments/1qgce59/insurance_asking_money_back_for_car_storage/,car accident lawyer,,,2026-01-18T16:04:51+00:00,0,0,
low,reddit,insurance,/u/globalastro,In an accident Friday night and it's a holiday weekend... Never had this happen to me so I have some general (?) questions while I wait for first contact.,"<!-- SC_OFF --><div class=""md""><p>As stated, I was rear ended by a car going full speed while I was stopped at a red light Friday night which also pushed my car into the car in front of me, called the insurance company, filed a claim, all that's been done, but while I wait I have a couple questions:</p> <p>1)car behind me is obviously a total loss, the whole front end was smashed to the cabin, the car in front of me received cosmetic damage and just needs the plastic fender replaced as the polic",https://www.reddit.com/r/Insurance/comments/1qg0mg5/in_an_accident_friday_night_and_its_a_holiday/,car accident lawyer,,,2026-01-18T06:00:11+00:00,0,0,
low,reddit,insurance,/u/jmckennna,Crashed my Girlfriends Car (Ontario),"<!-- SC_OFF --><div class=""md""><p>So we were driving to my mom’s cottage up north last night and missed our turn. Weather was bad, it started snowing pretty heavily about 2 hours into our 3 hour drive. We miss our turn off for the cottage road, we don’t feel comfortable turning around on the highway so we took an alternate route according to maps. We were going down a shitty road/down hill. it was dark and came to a sudden right turn and the car just slid on my attempt to turn. straight across t",https://www.reddit.com/r/Insurance/comments/1qfl1w2/crashed_my_girlfriends_car_ontario/,car accident lawyer,,,2026-01-17T18:36:45+00:00,0,0,
low,reddit,insurance,/u/CryptoInstinct,USAA Claim - Rental Car - Thoughts,"<!-- SC_OFF --><div class=""md""><p>I operate a rental car company, and I am currently dealing with a dispute involving a renter insured through USAA.</p> <p>The renter rented my McLaren 570S Spider for 1 day and was involved in an incident where the vehicle was backed into an object, resulting in significant engine damage. The initial body shop inspection determined the vehicle to be a total loss.</p> <p>Approximately three months later, USAA issued a total loss settlement offer of roughly $143,0",https://www.reddit.com/r/Insurance/comments/1qfklsn/usaa_claim_rental_car_thoughts/,car accident lawyer,,,2026-01-17T18:20:02+00:00,0,0,
low,reddit,insurance,/u/pineapplesuit7,Car accident insurance claim conundrum,"<!-- SC_OFF --><div class=""md""><p>Hey all, </p> <p>I would appreciate help on an insurance question. </p> <p>Scenario: </p> <p>This happened yesterday. I was parked in a parking lot and while sitting in the car, the car next to me swung their door open hard and it basically nicked the rear side door of my car. There is a small gash with a dent now. </p> <p>They gave me their insurance (USAA) and left. I got pictures of both my car and their plates and insurance info. I will leave an imgur in the",https://www.reddit.com/r/Insurance/comments/1qfjk09/car_accident_insurance_claim_conundrum/,car accident lawyer,,,2026-01-17T17:40:47+00:00,0,0,
low,reddit,insurance,/u/Nice-Vegetable9549,"Rental car accident (not at fault). Chase paid repairs for 2 claims, rental company still charging diminished value. Any options?","<!-- SC_OFF --><div class=""md""><p>Hi everyone,<br /> I’m hoping for some guidance on a rental car claim that is mostly resolved but still has a small remaining balance, and I want to understand what’s reasonable before taking the next step.</p> <p><strong>Background:</strong></p> <ul> <li>I rented a car from <strong>Sixt</strong> and paid with a <strong>Chase credit card</strong> that includes Auto Rental Collision Damage Waiver.</li> <li>There were <strong>two separate claims</strong> during th",https://www.reddit.com/r/Insurance/comments/1qfgel2/rental_car_accident_not_at_fault_chase_paid/,car accident lawyer,,,2026-01-17T15:41:11+00:00,0,0,
low,reddit,insurance,/u/pumpkinsnice,Parked Car hit by drunk driver- what do I do now?,"<!-- SC_OFF --><div class=""md""><p>Location: Oregon</p> <p>My car was hit by a drunk driver, along with several other parked cars, back in December. My car was parked on a public street and now unable to be driven. I didn’t find out until I went to go to work the next morning and saw my car crunched on the side. They did leave a note with their insurance info, as well as a business card of a policeman. </p> <p>I initially called my own insurance, but as this happened right before Christmas, the p",https://www.reddit.com/r/Insurance/comments/1qdcdkm/parked_car_hit_by_drunk_driver_what_do_i_do_now/,personal injury,,,2026-01-15T06:41:25+00:00,0,0,
low,reddit,insurance,/u/bad-at-science,Difficulty of getting bicycle insurance for a British expat looking to travel.,"<!-- SC_OFF --><div class=""md""><p>(I posted this elsewhere in a travel forum, and someone suggested I give <a href=""https://www.reddit.com/r/insurance"">r/insurance</a> a shot:) </p> <p>I've asked this same question in a couple of other more niche corners of Reddit, but I'm putting it here in a last-ditch attempt to gain clarity, or otherwise admit defeat.</p> <p>I'm a UK citizen living as a permanent resident in Taiwan. You're supposed to get travel insurance from your country of residence but b",https://www.reddit.com/r/Insurance/comments/1qcmwl5/difficulty_of_getting_bicycle_insurance_for_a/,personal injury,,,2026-01-14T13:12:23+00:00,0,0,
low,reddit,insurance,/u/Olfa_2024,Son was in an at fault accident and got a collection notice on the other party's hospital bill.,"<!-- SC_OFF --><div class=""md""><p>Update: He passed it on this morning. He said the reaction was a bit of a laugh and then said &quot;We'll take care of this, I wouldn't stress over this.&quot; The person he talked to didn't have much detail on that particular claim since they were not the adjuster dealing with it and they were just someone at the call center who was going to take what he submitted to the adjuster assigned to the claim. Makes me wonder if the other driver isn't trying to double ",https://www.reddit.com/r/Insurance/comments/1qbef2x/son_was_in_an_at_fault_accident_and_got_a/,personal injury,,,2026-01-13T01:54:26+00:00,0,0,
low,reddit,insurance,/u/Tasty_Ferret7801,Uninsured/underinsurance coverage,"<!-- SC_OFF --><div class=""md""><p>Hi all. I asked several insurance agents the situation below and they sent me a booklet to read while avoiding to answer. One agent is looking it up for me. Thought i’d ask the experienced maestros here on reddit. For clarification: I am in California </p> <p>Say person A has this UI/udi coverage and was hit by a person B who is at fault and has only minimum state required insurance 30k/60k. Person A is really hurt with eg a month in the hospital and months of P",https://www.reddit.com/r/Insurance/comments/1q7tq7g/uninsuredunderinsurance_coverage/,personal injury,,,2026-01-09T00:50:12+00:00,0,0,
low,reddit,insurance,/u/FrameElegant9023,Make sense of my high deductible BCBS plan,"<!-- SC_OFF --><div class=""md""><p>Hey everyone — happy new year and thank you for being part of something that helps so many people navigate such a complex system.</p> <p><strong>Context</strong></p> <p>I work for a large company that covers most of the cost of my health insurance <strong>plan</strong>. They are required to disclose what they spend on my insurance each year. I opt in to the high deductible plan which saves me about 1200 a year. This plan has a 5000 dollar deductible and costs my",https://www.reddit.com/r/Insurance/comments/1q1xyg9/make_sense_of_my_high_deductible_bcbs_plan/,personal injury,,,2026-01-02T12:58:04+00:00,0,0,
low,reddit,insurance,/u/Picaresque_Jest,Subrogation Fiasco with Progressive... any others?,"<!-- SC_OFF --><div class=""md""><p>Hi Everyone, (apologies for the length)</p> <p>I have to write about this experience because I don't know what to do. For background, On July 28th I was involved in a collision that caused my car to flip. My son and I managed to crawl out the window. (I won;t get into the injuries we sustained b/c its not relevant in subrogation). The other driver was driving a Tesla which outweighed my Acura by a lot. The Tesla was found to be 100% at fault in the Police Report",https://www.reddit.com/r/Insurance/comments/1q1p2fj/subrogation_fiasco_with_progressive_any_others/,personal injury,,,2026-01-02T04:28:44+00:00,0,0,
low,reddit,insurance,/u/EmptyDirection2279,How to maximize chances of getting the full policy limit or personal injury claim,"<!-- SC_OFF --><div class=""md""><p>My injuries include a lumbar fracture, cervical radiculopathy, spondylolisthesis, and ongoing knee issues all heavily documented and supported through workers’ comp diagnosis, including EMGs, MRIs, and impairment ratings. What are the things you look for from a insurance specialist perspective</p> </div><!-- SC_ON --> &#32; submitted by &#32; <a href=""https://www.reddit.com/user/EmptyDirection2279""> /u/EmptyDirection2279 </a> <br /> <span><a href=""https://www.re",https://www.reddit.com/r/Insurance/comments/1pz3lm4/how_to_maximize_chances_of_getting_the_full/,personal injury,,,2025-12-30T00:46:57+00:00,0,0,
low,reddit,insurance,/u/klutz69,How much liability do I have as the registered/titled owner to a vehicle I dont operate?,"<!-- SC_OFF --><div class=""md""><p>I am signing as the purchaser of a commercial pickup truck for my dad due to credit issues he has. </p> <p>He hauls cars in his trailer and is contracted with auctions and salvage yards, has his own DOT/MC carrier authority and his own insurance policy. </p> <p>I believe he wants to add the truck (legally mine, after the bank of course) and he would add me to the policy as a driver as well because the bank would require insurance on the vehicle, likely with me a",https://www.reddit.com/r/Insurance/comments/1pxj7mk/how_much_liability_do_i_have_as_the/,personal injury,,,2025-12-28T05:23:14+00:00,0,0,
low,reddit,insurance,/u/Efficient_Film4668,Insurance Issue,"<!-- SC_OFF --><div class=""md""><p>I had numerous dr appts at a facility that stated they were Blue Cross/Blue shield providers when I asked them upon check-in at the first appt. After going to about 10 appts, my Blue Cross paid the 2 medical procedures they billed for, but denied the bills for the dr fees for those procedures, stating the doctor for the procedures and the other related dr fees for additional appts were out of network. Has anyone had this issue where a facility is in-network but ",https://www.reddit.com/r/Insurance/comments/1qf46ob/insurance_issue/,need lawyer,,,2026-01-17T05:01:00+00:00,0,0,
low,reddit,insurance,/u/RuleEnvironmental498,Accident claims,"<!-- SC_OFF --><div class=""md""><p>I’m 20y/o and was recently hit as I ended up flipping no physical damage at first so I said I was all good went home and sat around for weekend. </p> <p>Now I’m having bad headaches and neck pain at work. I honestly can’t afford life and need to go to the dr. </p> <p>Anyways I’m working 2 jobs right now and can’t work the second due to being messed up I don’t want to sound bad but I’m in need of some sort of financial help so if I did get a lawyer realistically ",https://www.reddit.com/r/Insurance/comments/1qayiik/accident_claims/,need lawyer,,,2026-01-12T15:53:00+00:00,0,0,
low,reddit,insurance,/u/Little_Squirt_,Metlife Legal Plan,"<!-- SC_OFF --><div class=""md""><p>I see a lot about people that have used the Metlife Legal Plan, but can't find a single post about what you had to pay. We need to be sure the house we did a Quitclaim Deed on has a clear title and the lawyer with the Metplan Plan said with the plan it would cost us $3,000. That seems really high to me?! We are in Florida. I keep seeing posts about everyone using it and happy with it, but what's the expense you had to pay? Are services rendered supposed to be fr",https://www.reddit.com/r/Insurance/comments/1q6ykh8/metlife_legal_plan/,need lawyer,,,2026-01-08T01:43:52+00:00,0,0,
low,reddit,insurance,/u/Katits,18 year old without parental assistance insurance question,"<!-- SC_OFF --><div class=""md""><p>Hi, all! I have taken in a 17 year old family member with &quot;temporary guardianship&quot; forms, and he will be be 18 in 4 months. He currently has medicaid, that ceases when he is 18. His forms are lawyer written, notarized, but we have not done the court process, as he will be 18 prior to court being finished. We have asked my work if we can add him onto my BCBS with just those forms, and they are asking for that information. Otherwise, we are hunting for o",https://www.reddit.com/r/Insurance/comments/1q4yewd/18_year_old_without_parental_assistance_insurance/,need lawyer,,,2026-01-05T21:18:17+00:00,0,0,
low,reddit,insurance,/u/BatteryBee,Homeowners insurance wants a recorded statement,"<!-- SC_OFF --><div class=""md""><p>UPDATE 2: I called insurance back, she asked me to read the contract while I was on the phone and look at anything that mentioned cancelling, and there was a BUYER'S RIGHT TO CANCEL for home solicitation, and she had me stop reading there, since I had already mentioned he came to my door.</p> <p>So I wrote a letter both to the contractor that came to my door to offer his services, as well as the company itself, stating that I would like to cancel the agreement.<",https://www.reddit.com/r/Insurance/comments/1pytnus/homeowners_insurance_wants_a_recorded_statement/,need lawyer,,,2025-12-29T18:17:02+00:00,0,0,
low,reddit,insurance,/u/stevenbo,No fault claim. Need help,"<!-- SC_OFF --><div class=""md""><p>Hello everyone. I was involved in a car wreck just over a month ago. Long story short, I was crossing an intersection on green and the other driver ran his red and t-boned me. A witness that was driving just behind the car that hit me agreed that he had the red, and the driver admitted fault on the police report. My car flipped and we were both taken to the hospital. Ffw to yesterday when I finally hear from his insurance and they are claiming he was not at faul",https://www.reddit.com/r/Insurance/comments/1pq7h0z/no_fault_claim_need_help/,need lawyer,,,2025-12-19T00:50:51+00:00,0,0,
low,reddit,insurance,/u/Impressive_Meet_1168,Wrong address on life insurance for disabled veteran,"<!-- SC_OFF --><div class=""md""><p>Hello all,</p> <p>I recently purchased a $50k group term life insurance policy from GEBA. I am a disabled veteran (Afghanistan) and not eligible for most affordable life insurance, so this is one of my few options. </p> <p>My concern is that I used GEBA’s web-based application to apply for the policy, and the field for address merely said “address so that we can reach you,” or something to that effect. I used a PO Box, which is common in rural areas of the Unite",https://www.reddit.com/r/Insurance/comments/1pktlsw/wrong_address_on_life_insurance_for_disabled/,need lawyer,,,2025-12-12T14:43:29+00:00,0,0,
low,reddit,insurance,/u/Proud_Owl_7852,Homeowners claim help,"<!-- SC_OFF --><div class=""md""><p>So I had a Category 3 homeowners claim from last month, in which I am having trouble understanding stuff. There was initial problems with the claim (told to go drive if I need to use bathroom, denied ALE, manager lying about policy docs, bunch of stuff), however, I kept yapping and by mid last month, basically everything was approved. </p> <p>For context about everything above, all of it is in writing except being told to go drive if I need to use bathrooms/hand",https://www.reddit.com/r/Insurance/comments/1pg8ykk/homeowners_claim_help/,need lawyer,,,2025-12-07T04:10:28+00:00,0,0,
low,reddit,insurance,/u/Significant_Desk5743,Understanding Payment For Car Crash,"<!-- SC_OFF --><div class=""md""><p>Hello and sorry if this is common information. I never needed to understand it until now so didn't look into it. Now that I am trying to understand I'm not getting answers. Backstory: in February I was passenger in my brother's car. He was taking a right on red after yeliding and we were hit head on at a (faster then posted speed for the road we were on) on the door where I was sitting. My back was angled to the door and the other driver totally our car. My brot",https://www.reddit.com/r/Insurance/comments/1pd3iqc/understanding_payment_for_car_crash/,need lawyer,,,2025-12-03T13:01:09+00:00,0,0,
low,reddit,insurance,/u/arabbad01,SR-22 Insurance Question,"<!-- SC_OFF --><div class=""md""><p>I’ve had my SR-22 insurance for 2 years now. My record has officially been sealed from the dmv and all other relevant agencies. My lawyer informed me that I can drop the insurance now since my record is sealed but to check with the dmv to make sure. I can’t find any info on the dmv website beyond it saying that I need to carry it for 3 years and any lapse in carrying will incur a fine. My drivers license is also now in a different state than the state of my reco",https://www.reddit.com/r/Insurance/comments/1pa6xjy/sr22_insurance_question/,need lawyer,,,2025-11-30T02:34:05+00:00,0,0,
low,reddit,insurance,/u/Laycoon,Need insurance help after financial fallout from wisdom tooth surgery,"<!-- SC_OFF --><div class=""md""><p>This post is a bit of a long one and I will have tldr at the bottom of the post:</p> <p>In March of 2025 I started a new job and received new dental insurance through Delta Dental and health insurance through Cigna. I did not have a dentist at the time so after looking around I saw that Aspen Dental was in my network and decided to make an appointment.</p> <p>Long story short after a routine first appointment and X-rays, they tell me I probably need to get my wi",https://www.reddit.com/r/Insurance/comments/1qfrj35/need_insurance_help_after_financial_fallout_from/,looking for attorney,,,2026-01-17T22:56:07+00:00,0,0,
low,reddit,insurance,/u/Old_Table4797,Getting my car un-totaled,"<!-- SC_OFF --><div class=""md""><p>Hi all. I'm posting this because I read several threads on this topic while dealing with my current situation, and I wanted to provide a narrative of what I went through to get my car &quot;un-totaled.&quot; I am not suggesting this is easy, nor am I saying it is common. My situation is probably a bit unique. But it is possible.</p> <p>Situation: I drive a 2017 sedan with 100k+ miles. Some pre-existing body damage from living in a city and getting sideswiped whi",https://www.reddit.com/r/Insurance/comments/1q3wr3p/getting_my_car_untotaled/,looking for attorney,,,2026-01-04T18:02:33+00:00,0,0,
low,reddit,insurance,/u/DadGuy2021,"Veteran Denied Water Damage Claim Despite Proof — Floors Buckling, Family at Risk”","<!-- SC_OFF --><div class=""md""><p>Hey Reddit,</p> <p>I’m a 100% disabled veteran who served six and a half years on active duty. I’ve worked maritime law enforcement, responded to search and rescue cases, seen brothers and sisters get hurt, and I’ve lost people I’ve served alongside. I know what real duty looks like. I know what responsibility looks like.</p> <p>That’s why the way State Farm has treated my family is an absolute disgrace.</p> <hr /> <p>What Happened</p> <p>A sudden plumbing failu",https://www.reddit.com/r/Insurance/comments/1pde022/veteran_denied_water_damage_claim_despite_proof/,looking for attorney,,,2025-12-03T19:32:20+00:00,0,0,
low,reddit,insurance,/u/OkCandidate5361,Foremost / Demand Letter by attorney,"<!-- SC_OFF --><div class=""md""><p>For a little back story my husband and I own a property in TN, we live in another state but was in the process of moving to that property in TN when it burned down (we believe a jealous relative set it on fire). We had been paying Insurnace on the property ever since being told we owned it (life estate deed person who gave us the life estate passed). My husband found it burned on August 4th - instantly made a claim, Foremost was dragging their feet with their in",https://www.reddit.com/r/Insurance/comments/1oil60r/foremost_demand_letter_by_attorney/,looking for attorney,,,2025-10-28T20:54:15+00:00,0,0,
low,reddit,insurance,/u/Adept-Performer6611,Crash Estimate,"<!-- SC_OFF --><div class=""md""><p>Hi all,</p> <p>Last year my family and I were on holiday in Florida when we were rear-ended. 100% not our fault.</p> <p>The at-fault driver only had the state minimum insurance, so my attorney is pursuing my uninsured/underinsured motorist (UM/UIM) coverage instead. My UM policy limit is $300,000 combined single limit.</p> <p>Injuries / treatment: • Me (27M): 2 herniated discs (one 4mm) + 1 bulging disc. Had MRIs, chiropractor care, cortisone injection, and stil",https://www.reddit.com/r/Insurance/comments/1ogdlfk/crash_estimate/,looking for attorney,,,2025-10-26T06:33:59+00:00,0,0,
low,reddit,insurance,/u/Strange-Platform6745,"[Portland, OR] I was hit by a driver while on my bike in the bike lane, need advice on how to respond to adjuster and what consequences it would have.","<!-- SC_OFF --><div class=""md""><p>So on Oct 6th I was riding my e-bike in pretty heavy traffic, in the bike lane in full daylight. A driver in an SUV suddenly (I said suddenly because there was no turn signal or any warning they intended to turn) turned right into the parking lot of a catholic school, right in front of me as I went nearly 20mph. I hit the brakes but I knew I had no chance. I slammed into her car and fell to the ground, going over the handlebars and somehow thankfully not hitting",https://www.reddit.com/r/Insurance/comments/1o6imll/portland_or_i_was_hit_by_a_driver_while_on_my/,looking for attorney,,,2025-10-14T15:28:13+00:00,0,0,
low,reddit,insurance,/u/FewSugar1904,How to get the at fault person to pay first?,"<!-- SC_OFF --><div class=""md""><p>So the side of my car was recently hit head on by someone speeding out of a driveway. She seemed nice, she saw I was in shock and didn't really know what to do so she made sure I got her drivers license, license plate, phone number and insurance information so I think she's trust worthy. She admitted that she was at fault and wasn't looking when she pulled out. I know that it's &quot;easier&quot; to pay the deductible and have the insurance attorneys hash it out",https://www.reddit.com/r/Insurance/comments/1nnx1gj/how_to_get_the_at_fault_person_to_pay_first/,looking for attorney,,,2025-09-22T20:06:08+00:00,0,0,
low,reddit,insurance,/u/Priscalllaa,Driver hired an attorney for a minor accident. What should I do?,"<!-- SC_OFF --><div class=""md""><p>I drove my van at a parking lot, and the SUV said I hit her car , the damage for her car is the driver side headlight broken and some scratches, my van was only just driver rear side fender fell off not scratches, and my wheel rim was all okay, my insurance company was first determined is not my fault because I told them the plastci fender cant do such damage . A few days later, the other party hired an attorney, and a new decision was made that I am at fault, t",https://www.reddit.com/r/Insurance/comments/1nli8ov/driver_hired_an_attorney_for_a_minor_accident/,looking for attorney,,,2025-09-19T23:04:33+00:00,0,0,
low,reddit,caraccidents,/u/Street-Region-265,Mental breakdown after driving again since accident,"<!-- SC_OFF --><div class=""md""><p>11/2025 I was in a work vehicle, stopped at a red light when I was hit from behind. I followed protocol, my injuries didn't occur until a week later. I went to the ER, followed up with my PCP, hired an attorney and I'm currently in PT. It is helping, I'm receiving pain management services, I also have not been able to return to work.</p> <p>Yesterday I drove for the first time, when I got to the main road I felt fear and anxiety. I started driving like Miss Dais",https://www.reddit.com/r/caraccidents/comments/1pzjg85/mental_breakdown_after_driving_again_since/,injury attorney,,,2025-12-30T14:26:30+00:00,0,0,
low,reddit,caraccidents,/u/No-Mirror-5564,USPS hit my car but won’t take liability,"<!-- SC_OFF --><div class=""md""><p>A few weeks back I was driving on a busy three-lane, one-way street when a Peterbuilt USPS truck illegally merged into my lane from a bridge off-ramp (across a solid while line) and hit the rear driver quarter panel of my car with his front right bumper. Damages are likely going to total my vehicle but not the USPS truck. No police would respond to the traffic incident since no injuries, and no witnesses were available because it was heavier traffic and everyone",https://www.reddit.com/r/caraccidents/comments/1mtyj8e/usps_hit_my_car_but_wont_take_liability/,injury attorney,,,2025-08-18T21:05:35+00:00,0,0,
low,reddit,caraccidents,/u/Hodor4methanks,Hit by drunk driver with BAC .355,"<!-- SC_OFF --><div class=""md""><p>We were stopped at a red light at a freeway off ramp and rear ended by a drunk driver going significant rate of speed. Our airbags didn’t deploy and we have no major injuries. My car will most likely be a total loss and it’s not going to be difficult to prove liability as there’s an official police report and he was charged today with an excessive DUI. Here’s where I’m struggling: this man was driving a brand new, $80,000 LARGE pick up truck, he lives in a milli",https://www.reddit.com/r/caraccidents/comments/1mc2309/hit_by_drunk_driver_with_bac_355/,injury attorney,,,2025-07-29T04:28:24+00:00,0,0,
low,reddit,caraccidents,/u/thefleshrocket,Should I hire an attorney? Hit head-on by drunk driver who at best has minimum liability coverage.,"<!-- SC_OFF --><div class=""md""><p>A week ago, while on a rural two-lane highway in Alabama while on our way home to Illinois, a car came over the oncoming hill, already swerving out of control. A split second later, it was in our lane. My wife swerved to the right but still clipped the car. We ended up in the ditch; jaws of life had to be used to get her out of the car.</p> <p>My wife, suffered a broken leg and ankle, lacerations, and a concussion. My 16-year-old son, sitting shotgun, got bruise",https://www.reddit.com/r/caraccidents/comments/1lshkq6/should_i_hire_an_attorney_hit_headon_by_drunk/,injury attorney,,,2025-07-05T19:11:43+00:00,0,0,
low,reddit,caraccidents,/u/Willing-Tie-7953,Black plastic pellets in car after accident,"<!-- SC_OFF --><div class=""md""><p>So I wrecked my 2011 Subaru Forester last night went I slid around a corner near my house last night (pics above.) My airbag also went off, but what I'm wondering is what the black plastic pellets covering the interior of my car are? I don't have pictures of the pellets themselves but they were only the size of sprinkles, plastic, and black, jw if anyone knew what they were since Google wasn't much help</p> </div><!-- SC_ON --> &#32; submitted by &#32; <a href=""",https://www.reddit.com/r/caraccidents/comments/1qd1990/black_plastic_pellets_in_car_after_accident/,car accident lawyer,,,2026-01-14T22:16:05+00:00,0,0,
low,reddit,caraccidents,/u/OverCraft7093,"Someone tried to run me off the highway then got away, what can I do?","<!-- SC_OFF --><div class=""md""><p>On my way to work today I ran into heavy stop and go traffic on the highway so I left not even 3 car lengths between me and the car in front of me since we were constantly going from 50 mph to almost a dead stop. I was in the left lane and the car behind me was riding my ass and flashing his high beams to try and get me to move over, but there was no room and there was no point in speeding up just to have to stop again. Once there was room in the right lane he s",https://www.reddit.com/r/caraccidents/comments/1qd0edf/someone_tried_to_run_me_off_the_highway_then_got/,car accident lawyer,,,2026-01-14T21:43:06+00:00,0,0,
low,reddit,caraccidents,/u/IJPilot,Was I at fault? (memory loss) motorcycle miss and run,"<!-- SC_OFF --><div class=""md""><p>I lost control and dropped my bike at an intersection early this morning. I was going about 40 in a 45, when a car in front of me decided to turn left on a solid green (yield to me) much too close for comfort. I grabbed the front brakes. The last thing I remember was reaching for the horn as he pulled in front of me, and thinking I could slow down enough to miss him. </p> <p>Then I remember looking over my left shoulder and realizing there were sparks. I looked ",https://www.reddit.com/r/caraccidents/comments/1qbfa3s/was_i_at_fault_memory_loss_motorcycle_miss_and_run/,car accident lawyer,,,2026-01-13T02:32:04+00:00,0,0,
low,reddit,caraccidents,/u/Alexan_Hirdriel,Hit a low-hanging utility cable at night. Can the electric/telephone company pay for my car damage? (Puerto Rico),"<!-- SC_OFF --><div class=""md""><p>So, here's what happened: A few days ago, both the electric company and the telephone/cable company were working on poles/cables in my area because one pole fell. They apparently did a poor job, because a cable ended up hanging across the street like a wrecking ball in the middle of the road. It was impossible to see at night: car headlights don't reach that high, and the dark background made it even worse. I hit it while driving, and it caused soem damage to my",https://www.reddit.com/r/caraccidents/comments/1q9wgig/hit_a_lowhanging_utility_cable_at_night_can_the/,car accident lawyer,,,2026-01-11T10:49:21+00:00,0,0,
low,reddit,caraccidents,/u/Main-Substance-815,Settlement Process,"<!-- SC_OFF --><div class=""md""><p>I was driving when I was hit on my passenger side door and my car was totaled. The driver was at a t intersection and tried to “shoot the gap” to make a turn and floored it into the side of my car. </p> <p>My dad was in the passenger side and thankfully he was okay. My mom was in the back and got thrown pretty good but is also okay!</p> <p>When I was hit my head smacked off the driver side window pretty hard and I suffered a concussion, back pain, neck pain and ",https://www.reddit.com/r/caraccidents/comments/1q9gasc/settlement_process/,car accident lawyer,,,2026-01-10T21:30:29+00:00,0,0,
low,reddit,caraccidents,/u/whit_anarchy,No fault? Advice,"<!-- SC_OFF --><div class=""md""><p>Okay, so I got rear-ended driving on the highway. It was raining. I didn’t get hit that hard. My car has a few dents. It’s probably gonna take about $500-$1000 to fix it. My deductible is $500 if I file no fault I have to pay the deductible if I file and say they were at fault they have to pay all of it.</p> <p>I feel bad for the person that hit me. They weren’t really at fault because it was raining pretty hard. It was stop and go traffic. It was hard to see it",https://www.reddit.com/r/caraccidents/comments/1qd6vuu/no_fault_advice/,personal injury,,,2026-01-15T02:11:27+00:00,0,0,
low,reddit,caraccidents,/u/NoAmount6023,Got rear-ended today- should I be worried about neck injuries?,"<!-- SC_OFF --><div class=""md""><p>I was rear-ended while driving home today. My car is a 2024 Subaru Forester that I've had for less than a year, so that's lovely. Luckily, I was able to get the other person's information and have dash cam footage of the whole thing. There is significant damage because I was hit HARD. The other vehicle was a fully loaded F150 being used for construction. The repairs are definitely going to take a while, but the claim has already been filed and it is very clear t",https://www.reddit.com/r/caraccidents/comments/1pkfu05/got_rearended_today_should_i_be_worried_about/,personal injury,,,2025-12-12T02:07:28+00:00,0,0,
low,reddit,caraccidents,/u/Designer_Fox5683,Car Accident Personal injury Case,"<!-- SC_OFF --><div class=""md""><p>I’m trying to figure out what these papers mean and what they are trying to get me to sign I currently have an attorney helping me with this case while I’m doing my physical therapy. Are the numbers that they are showing what I will get paid out? I submitted a property damage claim for my car prior because the person of this insurance hit parked and totaled my car but haven’t accepted the $6,000 as I’m doing a personal case aslwell now.</p> </div><!-- SC_ON --> ",https://www.reddit.com/r/caraccidents/comments/1oq4xy7/car_accident_personal_injury_case/,personal injury,,,2025-11-06T17:21:01+00:00,0,0,
low,reddit,caraccidents,/u/Uniquelyyoursx,Police report says other driver is at fault but they’re still trying to sue?,"<!-- SC_OFF --><div class=""md""><p>I received a letter from a lawyer 2 days ago. Telling me their client suffered horrific injuries due to my negligence. My vehicle was used in a hit and run but my vehicle has full coverage and in the state of Michigan insurance follows the vehicle not the driver. </p> <p>The police report clearly states driver 1 (the client) did not yield to right away and is at fault. I gave this lawyer’s letter to my insurance. The adjuster even sees that the other person is a",https://www.reddit.com/r/caraccidents/comments/1odu1vt/police_report_says_other_driver_is_at_fault_but/,personal injury,,,2025-10-23T04:32:04+00:00,0,0,
low,reddit,caraccidents,/u/NoProposal4157,Collision with electric bike.,"<!-- SC_OFF --><div class=""md""><p>So yesterday evening I got into a minor collision in my car with someone on an electric bike. I was in the rightmost lane and turning right onto another street, I had my blinker on and slowed down and checked my mirrors before going to make the turn and halfway through the turn the electric bike collided into the side of my vehicle near my gas cap. It all happened so fast I don't know how I didn't see him. Bikes do of course have right of way, maybe he was in my",https://www.reddit.com/r/caraccidents/comments/1o5j16z/collision_with_electric_bike/,personal injury,,,2025-10-13T12:59:51+00:00,0,0,
low,reddit,caraccidents,/u/Positive-Ear2815,Head on collision w wrong way driver,"<!-- SC_OFF --><div class=""md""><p>Last weekend on my way home from work I was caught off guard when I was met with headlights coming around a blind curve at 60+mph in the same lane as me. This was on an expressway that led to a large bridge. I was entering the expressway from a main road, so I was only going about 45mph uphill onto the expressway when I saw the car flying towards me. The side of the road they should have been driving on, was separated completely by a large concrete median. They ",https://www.reddit.com/r/caraccidents/comments/1n0c2js/head_on_collision_w_wrong_way_driver/,personal injury,,,2025-08-26T04:07:48+00:00,0,0,
low,reddit,caraccidents,/u/AppropriateReach7854,"Insurance dragging their feet after a not-at-fault crash, when do you actually call a lawyer?","<!-- SC_OFF --><div class=""md""><p>I got rear-ended a few weeks ago at a red light. Clear as day who was at fault, even the driver admitted it. No major injuries, but my neck was sore for a bit and the car's been undriveable since.</p> <p>Dealing with the other person's insurance has been painful. They keep stalling, asking for random documents, and ignoring emails. Meanwhile I'm stuck without a car and nothing's getting covered yet.</p> <p>I ended up looking into legal options, just in case. Spo",https://www.reddit.com/r/caraccidents/comments/1myw2rv/insurance_dragging_their_feet_after_a_notatfault/,personal injury,,,2025-08-24T13:48:59+00:00,0,0,
low,reddit,caraccidents,/u/MelRae2019,Realistic physical expectations after a car accident.,"<!-- SC_OFF --><div class=""md""><p>This is my first post, but I'm frustrated and just looking for people who have experience like this.</p> <p>In mid October I was waiting to turn left when I was rear ended by someone on their phone. The people behind him came to my door and said he didn't brake and they had been cruising behind him at about 60 mph (so he hit me at about 60 mph basically).</p> <p>Thankfully I had a 3rd row vehicle which took the hit pretty well that a smaller car may not have. He",https://www.reddit.com/r/caraccidents/comments/1q1ewdd/realistic_physical_expectations_after_a_car/,need lawyer,,,2026-01-01T20:58:23+00:00,0,0,
low,reddit,caraccidents,/u/Bitchasshoeslover,Car accident,"<!-- SC_OFF --><div class=""md""><p>Hi guys so long story short I tried to Un alive myself while I was drunk and I decided to leave the party in my vehicle then causing myself to crash in to a construction site almost causing my car to fall in to a 13ft deep dug out hole (thank goodness I’m still here right haha) well great thing is now I have a DUI, DUI OVER 80 &amp; A fail to remain.. </p> <p>I’m looking at charges out my asshole thankfully I qualified for a lawyer through legal aid. But I’m sti",https://www.reddit.com/r/caraccidents/comments/1phpxs7/car_accident/,need lawyer,,,2025-12-08T22:08:17+00:00,0,0,
low,reddit,caraccidents,/u/Street-Region-265,Rear ended in work vehicle,"<!-- SC_OFF --><div class=""md""><p>A month ago I was rear ended after completing my route. I followed protocol, got a police report and went to the ER a week later due to back pain. As the weeks progressed my back pain got worse. I was put on light duty, my hours were reduced. I had to pay for my prescriptions due to losing my medical insurance in early November. I'm out of pain meds, I dont want to end up dependent on it. My coworker suggested I needed physical therapy. I haven't heard from the ",https://www.reddit.com/r/caraccidents/comments/1pbz9cz/rear_ended_in_work_vehicle/,need lawyer,,,2025-12-02T04:36:04+00:00,0,0,
low,reddit,caraccidents,/u/Longjumping_Note_636,Need Advice,"<!-- SC_OFF --><div class=""md""><p>My significant other and I are on the same insurance policy, as we often drive one another's vehicles. He came home the other day with damage to the back bumper and trunk stating that he had been hit. There is an intersection nearby with a yield sign that people frequently ignore, and he said the person had failed to yield and hit him. He called our insurance the next day to file a claim. They called me today to tell me about my deductible and that a rental car ",https://www.reddit.com/r/caraccidents/comments/1owe1wt/need_advice/,need lawyer,,,2025-11-13T21:46:53+00:00,0,0,
low,reddit,caraccidents,/u/Objective-Orange1631,The Day My Camaro Died,"<!-- SC_OFF --><div class=""md""><p>photos included fyi- i tried karma farming it didn’t work this is an actual story and i need help with this fr</p> <p>I used to drive a 2019 Camaro — clean, smooth, loud enough to make me feel like I was finally getting somewhere in life. I had it under my granny’s name to save on insurance. It seemed smart at the time. I never thought that decision would come back to bite me the way it did.</p> <p>It was a regular day. I was dropping off my boy — he’s in colleg",https://www.reddit.com/r/caraccidents/comments/1obtck2/the_day_my_camaro_died/,need lawyer,,,2025-10-20T20:48:44+00:00,0,0,
low,reddit,caraccidents,/u/Historical_General58,Auto insurance,"<!-- SC_OFF --><div class=""md""><p>I was hit in my brand new Chevy Equinox Ev person ran the red light while my light was green , I got police report and witness and I got a lawyer due to me getting hurt but his insurance which is State Farm , they trying say both parties is at fault but I had the right to drive on my green light , it’s been since 09/03/25 and it’s 09/30/25 an I was doing Uber Eats but only thing is I didn’t get a chance to upload my car on the app because I still had my other ca",https://www.reddit.com/r/caraccidents/comments/1nub5nc/auto_insurance/,need lawyer,,,2025-09-30T11:56:19+00:00,0,0,
low,reddit,caraccidents,/u/Broad-Prompt-5106,T boned,"<!-- SC_OFF --><div class=""md""><p>So I was stopped at a stop sign and another car came up after their light was already red. Obviously basic law is the person at the stop sign is at fault. But my question is- would it make a difference if I got a lawyer or not? My insurance company said they would handle it but I’m really not sure. The other person was speeding into campus and came up way later than the rest of the cars that entered so I truly didn’t see her. On top of that the line leaving camp",https://www.reddit.com/r/caraccidents/comments/1n10vfk/t_boned/,need lawyer,,,2025-08-26T23:07:23+00:00,0,0,
low,reddit,caraccidents,/u/IllustriousEmu345,Settle or Lawyer?,"<!-- SC_OFF --><div class=""md""><p>Few weeks ago I was rear ended by a semi carrying gravel. My van was totaled had my mother and daughter in the vehicle. I filed through my insurance thinking that’s was the way to go, then I was corrected that I should have filed the claim on the drivers insurance so I did. My insurance continued on since they already towed the vehicle to continue with their side of things. My insurance provided a rental for the 5 days they needed to complete the estimate and I ",https://www.reddit.com/r/caraccidents/comments/1mkw3tv/settle_or_lawyer/,need lawyer,,,2025-08-08T14:04:09+00:00,0,0,
low,reddit,caraccidents,/u/FewLife8352,"A drunk driver totaled my car, should I filed small claims?","<!-- SC_OFF --><div class=""md""><p>This was July 5th, at 6am, when a drunk driver crashed into my car. The car is completely totaled, and my insurance is going to pay off the rest of this car that I'm financing. I've had this car for about a year, and I've paid about $5k for the car so far. </p> <p>This guy 24M that was operating the crashed car had no insurance, no drivers license, has had 3 DUIs, alcoholic bottles in the car at the time of crash, and he left the scene before the cops showed up.",https://www.reddit.com/r/caraccidents/comments/1m6jord/a_drunk_driver_totaled_my_car_should_i_filed/,need lawyer,,,2025-07-22T17:03:50+00:00,0,0,
low,reddit,caraccidents,/u/Pyrepapa,Trying to get a gauge,"<!-- SC_OFF --><div class=""md""><p>Last year was rear ended 100-% not at fault. My girlfriend and I both got an attorney and filed a lawsuit. The at faults party was 25/50 coverage which we tapped out, and then we also sent a demand to UIM for under insured motorist which is also 25/50 Now, my girlfriend treated about 6 months less than me and did NOT get the epidural injections. She ended up getting paid out 20k 5 months ago. Now I’m wondering since I treated longer and went through with injecti",https://www.reddit.com/r/caraccidents/comments/1k89vwr/trying_to_get_a_gauge/,looking for attorney,,,2025-04-26T10:29:24+00:00,0,0,
low,reddit,caraccidents,/u/wypgfo,T-boned going thru round about today...,"<!-- SC_OFF --><div class=""md""><p>Should we just file a claim with the at fault party's insurance? Do we call our own insurance company or should we look for an attorney? No injuries felt as of right now. The elderly woman who hit us admitted fault. Her car had minimal damage but she did a pretty hefty amount of damage to our car. </p> <p>If we just deal with the insurance companies directly, what's the best way to negotiate the fairest settlement? I'm in Henderson NV if that matters at all. Tha",https://www.reddit.com/r/caraccidents/comments/1k41lz6/tboned_going_thru_round_about_today/,looking for attorney,,,2025-04-21T01:17:32+00:00,0,0,
low,reddit,caraccidents,/u/Federal_Newt295,Need Help/Advice: Victim of Hit and Run,"<!-- SC_OFF --><div class=""md""><p>*** DELETE IF NOT ALLOWED ***</p> <p>*** I’m going to keep exact dates/names confidential for legal purposes, as I do have an attorney now. ***</p> <p>TLDR: Involved in a hit and run within the past 2-3 months. Vehicle that hit me was abandoned but recovered, and both vehicle occupants identified and confirmed. However, it seems that the case has gone cold, or maybe I’m misunderstanding a few things, and I have a few questions at the bottom.</p> <p>————————————<",https://www.reddit.com/r/caraccidents/comments/1imkxya/need_helpadvice_victim_of_hit_and_run/,looking for attorney,,,2025-02-10T23:50:55+00:00,0,0,
low,reddit,caraccidents,/u/HungryPhirana,Accident settlement taking long...?,"<!-- SC_OFF --><div class=""md""><p>I was in a collision a year and a half ago, I was found 100% not at fault. Medical treatment completed 8 months ago. 1 month ago the litigation was conducted, and 3 weeks ago the other party was litigated by my attorney. I try to check in with my attorney every month or so. I&quot; hate feeling like I'm the annoying client who calls for updates only to receive the same response&quot; With that being said, I feel my case is long overdue. It was clear as day what ",https://www.reddit.com/r/caraccidents/comments/1dd98dx/accident_settlement_taking_long/,looking for attorney,,,2024-06-11T08:34:42+00:00,0,0,
low,reddit,caraccidents,/u/Ok-Lab7698,***WARNING: Please D Your Homework Before Hiring an Attorney!!!***,"<!-- SC_OFF --><div class=""md""><p>I want to give a heads up to anyone considering hiring an attorney. It’s crucial to do your homework and due diligence before making any decisions. Here are a few tips based on my recent experience:</p> <ol> <li><p><strong>Check Credentials</strong>: Ensure attorney is licensed and in good standing with the state bar association. You can verify this information online.</p></li> <li><p><strong>Read Reviews</strong>: Look for reviews and testimonials from previous",https://www.reddit.com/r/caraccidents/comments/1d5os6d/warning_please_d_your_homework_before_hiring_an/,looking for attorney,,,2024-06-01T14:55:31+00:00,0,0,
low,reddit,caraccidents,/u/kbc0311,Car accident/insurance/legal help,"<!-- SC_OFF --><div class=""md""><p>Hello everyone. This is kind of a long read so thank you if you read the whole thing. Thursday 8/18/22 my car (that I just bought 5 days prior) was parked in my street in front of my house (legally). A hour later I went to move my car into my driveway and noticed that my both drivers side doors were smashed in. I called 911, the cop came and took a report. We knew it was someone that backed out of the driveway across the street because there was a tail light in ",https://www.reddit.com/r/caraccidents/comments/wyoy4i/car_accidentinsurancelegal_help/,looking for attorney,,,2022-08-27T00:37:09+00:00,0,0,
low,reddit,caraccidents,/u/ZoRilla504,"Hit by uninsured rental car, driver now on the run with rental. What can I do?","<!-- SC_OFF --><div class=""md""><p>So this happened about a week ago. I was driving for ubereats around 11 pm when a driver in a rental car ran a stop sign and plowed into me, destroying the front of my car. It’s undriveable. The cops were right around the corner so they arrived in minutes, and the girl, who is 21 years old, showed them a paper showing that she had personal insurance coverage valid until October. After getting all the info I could from her and talking to the police, I gave her th",https://www.reddit.com/r/caraccidents/comments/vugzcw/hit_by_uninsured_rental_car_driver_now_on_the_run/,looking for attorney,,,2022-07-08T18:10:01+00:00,0,0,
low,reddit,needadvice,/u/tj0ne5,My daughter (pedestrian) was hit by an uninsured driver (TX),"<!-- SC_OFF --><div class=""md""><p>A couple of weeks ago, my daughter was hit by a car walking home from school and was left with a fractured pelvis and leg. The driver (27 yr old) didn't have a license, insurance, and their registration was out of date. They were given various fines including failing to yield to a pedestrian and their vehicle was towed.</p> <p>I called an attorney who did an investigation and declined to take the case, as it seems the driver doesn't have enough assets (or associ",https://www.reddit.com/r/needadvice/comments/5shx9d/my_daughter_pedestrian_was_hit_by_an_uninsured/,injury attorney,,,2017-02-06T23:53:10+00:00,0,0,
low,reddit,needadvice,/u/exubereft,"Got in a car accident, not at fault, but my insurance is acting so screwy I am worried I'll never see my car again--need advice on hiring an attorney","<!-- SC_OFF --><div class=""md""><p>I'll keep this brief and answer any questions as they come up. My main question is, how do I go about looking for an attorney to help keep my insurance in line? I've never dealt with attorneys before and feel this is very new territory.</p> <p>What criteria in an attorney am I looking for? Can I trust attorneys more than my insurance (I worry either could take advantage of me just as easily)? Would it really be better to get one (i.e., what would the potential d",https://www.reddit.com/r/needadvice/comments/3uewik/got_in_a_car_accident_not_at_fault_but_my/,injury attorney,,,2015-11-27T01:32:54+00:00,0,0,
low,reddit,needadvice,/u/autumnmcbottom,"HUGE problem, I am scared shitless right now. Please, please any advice would be wonderful. (legal issue)","<!-- SC_OFF --><div class=""md""><p>Ok, so the following all took place Wednesday night/Thursday morning of this week. I am a 24 year old female, and I am 5'3 and approximately 130 lbs. </p> <p>I got out of work earlier than expected. I work at a bar in South Tampa- (Hillsborough County, Florida) and if you want to, you are allowed to stay and drink out of uniform. Bottles of wine are half-priced on Wednesdays, so a friend and I decided to split a bottle between two of us. I had eaten very little ",https://www.reddit.com/r/needadvice/comments/efz9a/huge_problem_i_am_scared_shitless_right_now/,injury attorney,,,2010-12-04T04:07:46+00:00,0,0,
low,reddit,needadvice,/u/YouCantBanMe4EverAR,What are the possibilities for a man in my position? Legal.,"<!-- SC_OFF --><div class=""md""><p>I’m a single father (coparenting is well) with currently no car, and no real job/money at the moment. I live with my mother, she’s 60+ w/ fibromyalgia and a myriad of other internal issues so not only do I stay here to help (food, clean, help clothing, etc whatever is necessary) as she cannot properly move around and cannot perform tasks either at all or as efficiently as others due to how much she’s able to lift and bend.</p> <p>When I said “real” money I mean ",https://www.reddit.com/r/needadvice/comments/1ks9ulv/what_are_the_possibilities_for_a_man_in_my/,car accident lawyer,,,2025-05-21T21:35:10+00:00,0,0,
low,reddit,needadvice,/u/LostKeis,Death by stress; How do I stop it?,"<!-- SC_OFF --><div class=""md""><p>Sorry for such a long post. I had a lot to get out </p> <p>TLDR: I genuinely think I’m going to stress my self to the point of death. I’m only in my 20s. I have no way to fix it. </p> <p>My father (67) had a massive stroke on Memorial Day 2024. I, unfortunately, was the one who found him. (I had moved back home a year or so prior due to my own health problem and a fear something happening to me living on my own) My mind went blank when I saw him. I was on auto p",https://www.reddit.com/r/needadvice/comments/1krv5gh/death_by_stress_how_do_i_stop_it/,car accident lawyer,,,2025-05-21T11:10:45+00:00,0,0,
low,reddit,needadvice,/u/lalanaca,"Friend’s car door damaged after i closed it, pls advise","<!-- SC_OFF --><div class=""md""><p>Last weekend, i spent some time at a festival in a park with a (newish) friend, let's call her shelby, her 2 kids and my daughter.</p> <p>Her daughter wanted to say 'bye to mine and we went around to her side of the car, which was open since her mom had helped her get into the carseat; Shelby got into the driver's seat, so after our daughters bid each other farewell, I tried to shut the door. Turns out it was stuck because it had opened into a slopey piece of so",https://www.reddit.com/r/needadvice/comments/1claujx/friends_car_door_damaged_after_i_closed_it_pls/,car accident lawyer,,,2024-05-06T04:52:25+00:00,0,0,
low,reddit,needadvice,/u/goodngo,My car got into an accident and insurance doesn't want to pay,"<!-- SC_OFF --><div class=""md""><p>Hi! So for background of what happened, my roommate drove my car to drop me off somewhere (her car had been stolen a few days before, and I didn't want to call an Uber for a 5 min drive) and on the way back, someone tried to pass her and immediately take a right turn into a parking garage with no turn signal, but tried to turn way too soon (she was still in the left lane) and ended up hitting my front left side of my car. Since I was already on vacation, I wasn'",https://www.reddit.com/r/needadvice/comments/1aeqyyt/my_car_got_into_an_accident_and_insurance_doesnt/,car accident lawyer,,,2024-01-30T15:26:27+00:00,0,0,
low,reddit,needadvice,/u/asxtrobrian,what activities can I do with health/mental health issues?,"<!-- SC_OFF --><div class=""md""><p>I don’t want to ask this question but I have no choice. I have many mental health and physical health issues and I live with my mother. I’m young so I have time to move out, but opportunities are limited right now. </p> <p>With that aside, my mom keeps getting very angry at me because I don’t do anything. The most I go out is to go to many doctor and therapy appointments, and once in a blue moon I go to the mall to shop for myself. </p> <p>I don’t have my licens",https://www.reddit.com/r/needadvice/comments/17502zo/what_activities_can_i_do_with_healthmental_health/,car accident lawyer,,,2023-10-10T23:55:27+00:00,0,0,
low,reddit,needadvice,/u/urealpotato,I (20 F) need advice: How can I move out of my father’s house with my family in this tough economy.,"<!-- SC_OFF --><div class=""md""><p>Hey reddit! Thanks for all those who took the time to view my post.</p> <p>So let me give you guys some backstory: My father was working overseas when I was 1-17. Those were the best years of my life (though I didn’t even realize it then) and in 2017, a fallout with his boss caused him to move back to Jamaica to live with us. Thankfully, he built a house (which we now live in, rent-free).</p> <p>Honestly, I wish now was actually the time he left because we have ",https://www.reddit.com/r/needadvice/comments/n2vrtm/i_20_f_need_advice_how_can_i_move_out_of_my/,car accident lawyer,,,2021-05-02T01:00:14+00:00,0,0,
low,reddit,needadvice,/u/nickhockey13,I got a court date for possession,"<!-- SC_OFF --><div class=""md""><p>Context: I got pulled over after pulling out of a gas station next to a light. The cop couldn’t tell because it was dark and thought I had turned left on a red light. But that’s the least of my problems, I had smoked recently in my car and you could still smell it and the cop definitely did. He pulled out my pen which was an almost full cart, and about half an ounce of bud. I have very conservative parents and I’m afraid to tell them, and it was my university ca",https://www.reddit.com/r/needadvice/comments/m118j9/i_got_a_court_date_for_possession/,car accident lawyer,,,2021-03-09T07:14:19+00:00,0,0,
low,reddit,needadvice,/u/quietstewie,"Got hit by a car while i was running, what should i do??","<!-- SC_OFF --><div class=""md""><p>So I was running this morning on the bike lane, approaching an intersection I looked both ways, saw a car coming but there was a stop sign so I assumed the car would stop. So I went ahead and this car didn’t even slow down at the stop sign, just kept going until she was a few feet away from me, but by then it was too late and she hit me pretty hard. It happened right in front of a hospital, so a few of the workers that saw this happened rushed me into the ER. Th",https://www.reddit.com/r/needadvice/comments/kxmhpi/got_hit_by_a_car_while_i_was_running_what_should/,car accident lawyer,,,2021-01-15T03:59:59+00:00,0,0,
low,reddit,needadvice,/u/radishS,"Bought car from dealership specializing in Rebuilt Titles. Auto collision center refuses to touch body of car due to previous subpar fix unless Ins. pays to redo subpar fix. Ins. refuses, and is now trying to screw me over with the repairs they said they would perform in the first place","<!-- SC_OFF --><div class=""md""><p>So there is a auto dealership company with many locations across several states that buys totaled cars and fixes them before putting them back on the lot for resale. We're talking new vehicles that were wrecked when new/almost new with low miles. The website states each vehicle passes a 151 point inspection before being being resold. The salespersons do in fact disclose the vehicle's history.</p> <p>...</p> <p>In a nutshell, </p> <p>my car is damaged in the same",https://www.reddit.com/r/needadvice/comments/j4mypy/bought_car_from_dealership_specializing_in/,car accident lawyer,,,2020-10-03T21:18:08+00:00,0,0,
low,reddit,needadvice,/u/TSTS1891891,How should I quit a job that's taken advantage of me?,"<!-- SC_OFF --><div class=""md""><p>I've been working as a [let's say Digital Director for privacy] at [Job X for privacy] since January - part-time until June 1st, but barely full-time now. I've been noticing red flags with the job, such as:</p> <ul> <li>Boss saying a new hire was part-time (to &quot;help me&quot; with some of my duties), then telling me the new hire will become full-time and take over the duties I'm specialized in.</li> <li>Boss telling me since <strong>January</strong> that I w",https://www.reddit.com/r/needadvice/comments/hwajvy/how_should_i_quit_a_job_thats_taken_advantage_of/,car accident lawyer,,,2020-07-23T06:11:28+00:00,0,0,
low,reddit,needadvice,/u/Acidjaydee26,Stolen Lyft account Hit and Run,"<!-- SC_OFF --><div class=""md""><p>I was involved in a hit and run last night by a Lyft driver, the person seemed intoxicated and don’t even use his breaks coming at me near 45mph while I was waiting for the green light. As I pull over to the side cops arrive to the scene and seem to be focused on a strange individual next to us, (apparently he stole something?). </p> <p>I hop out of the car worrying from getting a strong scent of gas and hear the man that hit me say, “you are fine, nothing happe",https://www.reddit.com/r/needadvice/comments/fdhlgo/stolen_lyft_account_hit_and_run/,car accident lawyer,,,2020-03-04T18:45:17+00:00,0,0,
low,reddit,needadvice,/u/orangejuiceisbetter,"I (22M) made poor decisions when i was young, have multiple visible tattoos and I don’t have a job. I know i’m and idiot, is there hope for me to be a successful member of society?","<!-- SC_OFF --><div class=""md""><p>For confidentiality, I won’t be too specific about my tattoos. I will say that I have one on my hand, fingers, neck and a small one on my face among others. they are not very tasteful at all and I will leave it at that.</p> <p>When i was 17 I experienced the loss of a parent by suicide. I was very devastated, lost and confused and made many poor decisions. luckily my record isn’t terrible, I have one misdemeanor from when I was 18 that I am able to get expunged ",https://www.reddit.com/r/needadvice/comments/f5ss3l/i_22m_made_poor_decisions_when_i_was_young_have/,car accident lawyer,,,2020-02-18T14:42:25+00:00,0,0,
low,reddit,needadvice,/u/something_funny_here,My car broke down and needs a major repair to even sell it,"<!-- SC_OFF --><div class=""md""><p>The title explains the first part, my car recently got a rod knock (real fun sound) this is after I replaced all four struts, front drive axels, and a few other parts I can’t remember, we also got new tires, new wipers, new filters, and again a few other things, all totally twice what we bought the car for, not ideal I know but it’s what happened. Unfortunately we didn’t have the money for the repairs because we had just bought the car, so my dad graciously paid",https://www.reddit.com/r/needadvice/comments/drtlij/my_car_broke_down_and_needs_a_major_repair_to/,car accident lawyer,,,2019-11-05T03:39:37+00:00,0,0,
low,reddit,needadvice,/u/sos_econometrics_,33F feeling like a failure,"<!-- SC_OFF --><div class=""md""><p>Hello,</p> <p>I guess if we look at my CV so far, it looks good. I come from a developing country, got a scholarship to do my master's in France, then stayed there for a PhD program. I did internships at international organizations and worked as a teaching assistant at a university for 3 years. Then I worked as a consultant for international organizations.</p> <p>However, in reality, some parts of this path have been extremely difficult and stressful. I have gen",https://www.reddit.com/r/needadvice/comments/1msuxv8/33f_feeling_like_a_failure/,personal injury,,,2025-08-17T16:10:06+00:00,0,0,
low,reddit,needadvice,/u/DoomedCubes,Should I stop apologizing?,"<!-- SC_OFF --><div class=""md""><p>I've been going through a very rough time the past couple of months (abusive parents) and have been getting a lot of injuries and just being pretty depressed (not ALL the time-but a lot).</p> <p>I've never truly &quot;crashed out&quot; on any of my friends but I've been generally a pretty sad guy to be around and sometimes I've snapped and been passive-aggressive for no reason.</p> <p>My friends know about my situation.</p> <p>Anyways, recently after a tough nig",https://www.reddit.com/r/needadvice/comments/1li4umt/should_i_stop_apologizing/,personal injury,,,2025-06-23T02:02:34+00:00,0,0,
low,reddit,needadvice,/u/Automatic_Moment_320,A brief history of my fainting and head injuries and personality changes- how do I proceed?,"<!-- SC_OFF --><div class=""md""><p>In early 2019 I was with a friend in their backyard when I fainted and fell out of my chair and hit my head on the concrete. I faint and have hit my head many times, but 2019 was my last time. Anyways, I passed out and came to with my friend hovering over me slapping my face and saying my name over and over. I was basically still fainted and blacked out again shortly after. He dragged me into the house and into his bedroom where I came to again, and I told him t",https://www.reddit.com/r/needadvice/comments/18q7dwv/a_brief_history_of_my_fainting_and_head_injuries/,personal injury,,,2023-12-25T00:17:53+00:00,0,0,
low,reddit,needadvice,/u/HiddeN00MasteR,I Feel Like I'm Dealing With OCD or Something Somewhat Similar to it. Any Help?,"<!-- SC_OFF --><div class=""md""><p>Hi, I'm 19M and I don't know if I'm suffering from OCD or not.</p> <p>I thought I should include my experience first and keep you from reading my justification to make the post for no reason.</p> <p>It doesn't happen as often but when it happens it ruins my mood, drives my nerves to the edge and initiates random nervous pains all across my body at random spots(like my shoulders, chest, back, etc.) Its also always about something so insignificant like the number ",https://www.reddit.com/r/needadvice/comments/11cq7ri/i_feel_like_im_dealing_with_ocd_or_something/,personal injury,,,2023-02-26T19:29:08+00:00,0,0,
low,reddit,needadvice,/u/bingpot22,Joys of life are fading. Disconnecting from my friends. I want to know how do I get back to normal or what type of doctor to see.,"<!-- SC_OFF --><div class=""md""><p>A bit of backstory. I will divide it into 2 parts. </p> <p>First part: Sports </p> <p>I used to play sports daily since I was 3. It was most of my life. I never studied. Used to play some video games, play sports and go to school (I was actually even great at school without studying). At 10 years old, I started playing what has become my favourite sport, water polo. Anyone who knows the game though knows it's a brutal sport. Trainings are very difficult and drai",https://www.reddit.com/r/needadvice/comments/f820q0/joys_of_life_are_fading_disconnecting_from_my/,personal injury,,,2020-02-23T00:57:22+00:00,0,0,
low,reddit,needadvice,/u/lenswipe,Keeping pets in an apartment,"<!-- SC_OFF --><div class=""md""><p>Hey all, I only just found this sub and I'm kind of new.</p> <p>I live in a small two family home with an apartment above us. These apartments are owned by a single person (rather than a letting company), so more of a mom and pop shop type of affair.</p> <p>Both of the apartments in this building are apparently no pets(and our lease agreement said as much for us), however the people living above us had a small dog. I tried asking the landlord about it because we",https://www.reddit.com/r/needadvice/comments/dcydpi/keeping_pets_in_an_apartment/,personal injury,,,2019-10-03T22:31:25+00:00,0,0,
low,reddit,needadvice,/u/KiwiVulpesVulpes,How do I choose between Owning the Family Business or Forging my own path?,"<!-- SC_OFF --><div class=""md""><p>I've put my background at the end as it may or may not be interesting/relevant. In essence I have two options.</p> <p>&#x200b;</p> <p><strong>TL;DR Mooch off my fathers legacy or forge my own path.</strong></p> <h1>Option 1 - Stay the course:</h1> <p>After being made redundant last year my Father indicated I could get involved, and eventually take over his business, fairly successful, not many competitors, lucrative &amp; boring. He moved the business from a she",https://www.reddit.com/r/needadvice/comments/bqmho4/how_do_i_choose_between_owning_the_family/,personal injury,,,2019-05-19T21:42:13+00:00,0,0,
low,reddit,needadvice,/u/LSUdude88,Should I ask my good friend about his “attempted suicide”?,"<!-- SC_OFF --><div class=""md""><p>I used quotes because I just am confused about the whole thing. We live in different states so I can’t visit him to discuss this stuff in person and he can’t quite physically talk yet as far as I know. I won’t get into the whole thing but apparently he tried to do it by train. He was left with some internal injuries and a fractured skull and seems to be doing ok right now.</p> <p>I’m military police so I have this very analytical way of looking at everything lik",https://www.reddit.com/r/needadvice/comments/7envat/should_i_ask_my_good_friend_about_his_attempted/,personal injury,,,2017-11-22T03:37:27+00:00,0,0,
low,reddit,needadvice,/u/JimJames1984,Father was brutally beaten on his Farm in Vietnam. No medical or travel insurance. What to do ?,"<!-- SC_OFF --><div class=""md""><p>My father was on an extended vacation in Vietnam, and was brutally beaten by two young guys in their 20s.</p> <p>His head was smashed with a rock, and in addition, he was hit with a 2 by 4 wooden plank on his head also.</p> <p>He was rushed to the nearest city emergency hospital, which was in Can Tho, usually people go to HCMC but it was too far, he would have passed away on the ambulance.</p> <p>So he has been at this Can Tho hospital for 20 days now, and he is",https://www.reddit.com/r/needadvice/comments/6d8a6d/father_was_brutally_beaten_on_his_farm_in_vietnam/,personal injury,,,2017-05-25T08:10:04+00:00,0,0,
low,reddit,needadvice,/u/lelilo,"Need advice to feel useful and productive, I feel like I am throwing my life away","<!-- SC_OFF --><div class=""md""><p>I've heard a lot about the Reddit community so I thought I'd give this a shot...</p> <p>For the past few years I've been a work-from-home mom. I work in the family (parents') business so when I got pregnant I started working from home (while a nanny took care of the children under my supervision), which has always been a drag because I am a very outgoing person and I miss going outside, meeting people etc. but I did what was best for the children. </p> <p>The la",https://www.reddit.com/r/needadvice/comments/52j82g/need_advice_to_feel_useful_and_productive_i_feel/,personal injury,,,2016-09-13T07:16:01+00:00,0,0,
low,reddit,needadvice,/u/throwaway5555434,I feel ashamed of my life due to not meeting my own expectations,"<!-- SC_OFF --><div class=""md""><p>When i was 18 years old, I decided I wanted to be a better person. I started working out seriously, I was just starting college studying physical therapy, I had just gotten out of a bad relationship, I was turning my life around. I am now 27 and my life has changed dramatically but not the way I wanted it to. </p> <p>To summarize my experiences from 18-27: I graduated college, but I did not get into physical therapy graduate school. I am now in a physical therap",https://www.reddit.com/r/needadvice/comments/4zewex/i_feel_ashamed_of_my_life_due_to_not_meeting_my/,personal injury,,,2016-08-24T21:22:47+00:00,0,0,
low,reddit,needadvice,/u/exceptional_doormat,"Should I rat on a ""friend"" who does drugs in the presence of their kids?","<!-- SC_OFF --><div class=""md""><p>I have a &quot;friend&quot; that is somewhat older than I am. I am in my mid-twenties and he is in his mid forties. His wife is around my age and they have 4 children. One is an adult, the others are between the ages of 2 and 7. When I returned back to my hometown and started spending time with them, I noticed a divide between myself and them. We are very different types of people, but felt there is no reason we cannot be friends because of this. I do not discri",https://www.reddit.com/r/needadvice/comments/4x4lok/should_i_rat_on_a_friend_who_does_drugs_in_the/,personal injury,,,2016-08-10T21:44:41+00:00,0,0,
low,reddit,needadvice,/u/burnalc,I feel like I'm going crazy and I can't get out of my head,"<!-- SC_OFF --><div class=""md""><p>My thoughts are all scattered and I apologize in advance if my post is too long and too hard to understand, but I feel trapped and need to vent. Nothing feels constant in my life except my self-hatred. I hate myself. Just typing it out makes me feel cheesy as hell, like, what am I doing, going on reddit and typing out &quot;I hate myself&quot;? It all feels so melodramatic and I hate it.</p> <p>Ugh, sorry. I can never seem to concentrate on anything except for s",https://www.reddit.com/r/needadvice/comments/4q4lc9/i_feel_like_im_going_crazy_and_i_cant_get_out_of/,personal injury,,,2016-06-27T17:37:12+00:00,0,0,
low,reddit,needadvice,/u/Stevie9090,Looking into surgery for herniated disk.[LONG],"<!-- SC_OFF --><div class=""md""><p>Hello Reddit, as the title says I am looking into surgery for my herniated disk and I have a couple questions about it. But before I ask these questions I'll give some background information about me and my journey through hell.</p> <p>I grew up as an athletic kid with impressive acceleration abilities. I could go from a stand still to full sprint in just 2 seconds and could keep going for about 160 meters. </p> <p>At age 16 I some how aggravated my spine so bad",https://www.reddit.com/r/needadvice/comments/4ki27v/looking_into_surgery_for_herniated_disklong/,personal injury,,,2016-05-22T10:35:38+00:00,0,0,
low,reddit,needadvice,/u/awes0meness,"My confidence, self-esteem, and desire to pursue dreams and goals is plummeting. I am way too hard on myself. How can I make it stop?","<!-- SC_OFF --><div class=""md""><p>I apologize if this is not in the correct subreddit. I am still getting the hang of Reddit, as I am a new user.</p> <p>I used to be a really outgoing, loving, cheerful, and somewhat confident person who didn't care much what others thought of me and knew that I was capable of doing nearly anything I wanted to, and was willing to work to achieve my goals. For some reason, and I still don't know why, it all took a huge turn for the worse when my stepfather passed ",https://www.reddit.com/r/needadvice/comments/42vt4k/my_confidence_selfesteem_and_desire_to_pursue/,personal injury,,,2016-01-27T04:44:54+00:00,0,0,
low,reddit,needadvice,/u/GabeLeRoy,School : Too late to come back ?,"<!-- SC_OFF --><div class=""md""><p>-Sorry for my grammar, I am a French Canadian-</p> <p>Hi, Its been 2 years (nearly 3) that I'm in college. I don't know why I decided to stay one more year because I feel like my life is hell. The last 2 years, I have been losing and only losing all my motivation. I dream of having my own video games and an awesome community. I know alot of video games and I have a good culture. 3 years ago, I have choose to go into IT, I later then realised it was the worst dec",https://www.reddit.com/r/needadvice/comments/3u6vlk/school_too_late_to_come_back/,personal injury,,,2015-11-25T07:52:26+00:00,0,0,
low,reddit,needadvice,/u/zlorthedark,Feeling lost and no idea where to go,"<!-- SC_OFF --><div class=""md""><p>I've currently been working as a warehouse manager for two years. I got a bachelors in Comp Sci in 2022, and tried for years to make a career out of that. Aside from one initial short term contract, I simply could not get a job in my industry. I've even been ghosted for internship positions. </p> <p>My current job doesn't have anywhere to go from here, and it's not enough to make a career out of. </p> <p>I was set on Comp Sci for so long that I genuinely don’t k",https://www.reddit.com/r/needadvice/comments/1pogj7k/feeling_lost_and_no_idea_where_to_go/,need lawyer,,,2025-12-16T23:04:32+00:00,0,0,
low,reddit,needadvice,/u/schwarz_ken,"Friend is $100,000 in Credit Card Debt","<!-- SC_OFF --><div class=""md""><p>Hello,</p> <p>This is my throwaway account. All I can say is that I am in the United States. Even identifying the state could give me away as the person I am describing is also a redditor. </p> <p>A close friend of mine, we’ll call her Jane Doe, has had money issues for as long as I have known them. They are genuinely a good person and have always been there for me when I needed emotional support. Over the years I have made it a point to reciprocate when needed.",https://www.reddit.com/r/needadvice/comments/1onocd0/friend_is_100000_in_credit_card_debt/,need lawyer,,,2025-11-03T21:17:50+00:00,0,0,
low,reddit,needadvice,/u/jbois22,What to do stay or go,"<!-- SC_OFF --><div class=""md""><p>So I figured I'd try this sub reddit since I've had success in the past getting opinions from strangers who I've never met lol. Basically I had a job that stole all my 401k money and incorrectly entered my hours stealing thousands I live in Texas it's an at will state I'm sure you can see where this is going. When I caught the fraud being committed I addressed them about it they made up a story I tried to run a client over with the catering van and fired me when",https://www.reddit.com/r/needadvice/comments/1mg5g8j/what_to_do_stay_or_go/,need lawyer,,,2025-08-03T00:17:39+00:00,0,0,
low,reddit,needadvice,/u/ElvenNeko,What to do if you are defective and have no place in society?,"<!-- SC_OFF --><div class=""md""><p>If i were superstitious, i would think that i am cursed or something like that. I can count all the good things that happened to me in life on the fingers of one hand. The rest... </p> <p>Born with physical disability. Thanks to extreme corruption in my country a surgery that is quite regular for any other place put my mother in debt and me - in bed. I still can walk and even run for a bit, but feel really bad after that, even if i just sit in chair for a long t",https://www.reddit.com/r/needadvice/comments/w2nv61/what_to_do_if_you_are_defective_and_have_no_place/,need lawyer,,,2022-07-19T08:48:18+00:00,0,0,
low,reddit,needadvice,/u/tromperie9,Dad just died - not sure what to do next,"<!-- SC_OFF --><div class=""md""><p>My late 60s father died today, and I'm heading across country tomorrow. I have no idea what I need to be doing next. I'm meeting with the funeral home director in the afternoon, but aside from that I have NO idea what I should be doing - the house, belongings, clothes, credit cards, mortgage, phone, etc. Where do I even start managing all this? I'm not sure if he has a written will/estate. And I'm not sure I can afford a lawyer (or even the funeral home). I know",https://www.reddit.com/r/needadvice/comments/twjmxb/dad_just_died_not_sure_what_to_do_next/,need lawyer,,,2022-04-05T01:49:26+00:00,0,0,
low,reddit,needadvice,/u/Hishamy99,Lately I've been feeling so much pain and fear and I don't know how to express them with myself.,"<!-- SC_OFF --><div class=""md""><p>I know 2020 was a disaster for most of us, and I know this pain is temporary, but lately I've been feeling lonely,tired,scared and pressured and I'm handling myself and putting myself together, at least for now... Bad things keeps happening even thought I'm always being positive. for example, first I'm 21 and I started college this year(first year) and I've always been very worried about my family's financial situation, my father is a really hardworking man my f",https://www.reddit.com/r/needadvice/comments/kru85x/lately_ive_been_feeling_so_much_pain_and_fear_and/,need lawyer,,,2021-01-06T18:45:14+00:00,0,0,
low,reddit,needadvice,/u/alanmul10,Comcast is screwing me!,"<!-- SC_OFF --><div class=""md""><p>I am typing this on mobile, so I apologize in advance for any grammatical/spelling errors. I am going to start by saying I believe what Comcast is doing to me is partly illegal, but I am no lawyer. We moved into our new place in early March (2 weeks prior the COVID-19 shut downs in my state). I received the Comcast box sent to us, because &quot;sure, I can hook up a modem myself!&quot; After trying all 7 cable hookups, and 3 calls to customer service, we still h",https://www.reddit.com/r/needadvice/comments/ho8dsj/comcast_is_screwing_me/,need lawyer,,,2020-07-09T18:27:10+00:00,0,0,
low,reddit,needadvice,/u/tinyahjumma,Planning my will,"<!-- SC_OFF --><div class=""md""><p>My SO and I are going to meet with a lawyer soon to write our wills. We’re not talking about a huge estate. It’s our house, retirement accounts, and some savings.</p> <p>Anyway, we’d obviously like the majority of our stuff to go to our kids. But we have nieces and nephews, as well as two people who are emotionally import to us.</p> <p>We have a niece and nephew who have wealthy parents. I’m not sure whether to make all parties equal recipients (with what’s left",https://www.reddit.com/r/needadvice/comments/d1j5na/planning_my_will/,need lawyer,,,2019-09-09T00:08:32+00:00,0,0,
low,reddit,needadvice,/u/Hekapoo126363,I have the required skills however I am unable to make decent money and there is too much competition,"<!-- SC_OFF --><div class=""md""><p>Hi, so let me explain the situation here</p> <p>I'm 19 years old, probably should be in college now but I'll explain</p> <p>I was born in country, named, &quot;Iran&quot;, ever since I was 12 I knew there was no future for me here. and my family isn't rich, so I thought to myself, and IRL jobs here, are borderline slavery or mostly scam, with very low wages (100 usd per month)</p> <p>so I thought why not develop certain skills, such as, learning to program and c",https://www.reddit.com/r/needadvice/comments/c7rubh/i_have_the_required_skills_however_i_am_unable_to/,need lawyer,,,2019-07-01T12:15:45+00:00,0,0,
low,reddit,needadvice,/u/Canadian-Halfie,My neighbor is dying and is woefully underprepared,"<!-- SC_OFF --><div class=""md""><p>My wife and I have a neighbor - let’s call her Sara - who is losing her battle with ALS. Sara has a tweenaged daughter, her husband lives halfway across the world and is either sadly disinterested or dangerously delusional as to his wife’s condition.</p> <p>With the rapid deterioration in her condition, our layman’s guess measures Sara’s mortality in weeks, months tops. Having spoken to her numerous times over the past several months, it has become apparent a nu",https://www.reddit.com/r/needadvice/comments/aiw44u/my_neighbor_is_dying_and_is_woefully_underprepared/,need lawyer,,,2019-01-23T04:54:13+00:00,0,0,
low,reddit,needadvice,/u/blueeyedaisy,"Ten Page Lease, Front & Back","<!-- SC_OFF --><div class=""md""><p>This is my first post so be gentle.</p> <p>My rent is going up in January. My new lease states that the security deposit is also going up $250. My landlords want the $250 in November to match the rent increase in January. Can they demand this before the rent actually goes up? We are a military family and have asked that a Military clause be added to the lease. Do we need a Military clause on the lease if my husband gets orders and we need to break the lease?</p>",https://www.reddit.com/r/needadvice/comments/9nqwd2/ten_page_lease_front_back/,need lawyer,,,2018-10-13T03:51:39+00:00,0,0,
low,reddit,needadvice,/u/Woif1990,Getting my dad into a nursing home?,"<!-- SC_OFF --><div class=""md""><p><del>My dad needs to be in a nursing home. My mother won't put him into one, because she needs his SS due to financial issues. I'm already helping them as much as I can right now.</del></p> <p><del>She's looking into a lawyer to somehow get it so she still gets part of his SS when he's put into a home. But it'll cost her around $3k, which none of us have right now.</del></p> <p><del>Are there any resources we may have overlooked? I believe hes on medicare. We're",https://www.reddit.com/r/needadvice/comments/9cqtrh/getting_my_dad_into_a_nursing_home/,need lawyer,,,2018-09-04T00:37:43+00:00,0,0,
low,reddit,needadvice,/u/theaternerdanon,What to do about my parents for my summer plans?,"<!-- SC_OFF --><div class=""md""><p>In February I got accepted to the best university in my state (USA, my parents only wanted to pay instate tuition so I wasn’t even allowed to apply out of state), but I had to start summer which basically means you have to take 6 credits over the month of July (relevant later).</p> <p>I don’t mean to sound conceded or anything, but I’m a pretty smart kid with high test scores but I have the absolute worst ethic (relevant later) which caused me to get low grades ",https://www.reddit.com/r/needadvice/comments/8n417y/what_to_do_about_my_parents_for_my_summer_plans/,need lawyer,,,2018-05-30T00:06:27+00:00,0,0,
low,reddit,needadvice,/u/The_Lonely_Goat,I'll be moving out on my own at 18 with nothing. No job. No house. No car. No money. No SSN. I don't know how to deal with this.,"<!-- SC_OFF --><div class=""md""><p>Long story short my dad's indeed an insane person and he thinks that the social security number is the mark of the beast. So when I was born, he didn't fill out my birth certificate fully and left the hospital with me before I could get my SSN.</p> <p>Everything. Needs. An SSN.</p> <p>I'm not willing to stay past my 18th birthday in early February. But I can't get a job or anything until I leave. Yes, I do have a birth certificate that says Baby Girl somewhere i",https://www.reddit.com/r/needadvice/comments/8jn5wq/ill_be_moving_out_on_my_own_at_18_with_nothing_no/,need lawyer,,,2018-05-15T16:57:25+00:00,0,0,
low,reddit,needadvice,/u/Mikurotsukami,"Ex roomates keep asking for money for utility bills I already paid my part of, how do I tell them to eat dirt without being rude?","<!-- SC_OFF --><div class=""md""><p>Their location: OR My location: NY </p> <p>[UPDATE]</p> <p>EDIT 2: So they have pretty much ghosted me(I ghosted them so maybe deserve it?). I just want my stuff back... Its all worth over 500$ and I have to replace some of the items if its lost which will cost me a bit of money(college diploma and old housing documents, expensive college textbooks, game system, ac unit, etc). I told them to keep my part of the security deposit as payment, its well over what the",https://www.reddit.com/r/needadvice/comments/8dhiwc/ex_roomates_keep_asking_for_money_for_utility/,need lawyer,,,2018-04-19T19:45:36+00:00,0,0,
low,reddit,needadvice,/u/yxkns,"Undergrad degree, unemployed, paralyzed by inability to chose a path. Where should I go from here?","<!-- SC_OFF --><div class=""md""><p>I graduated with a degree in business admin/finance 2 years ago. I had success in the beginning and got a few promising offers, the one I chose fell through and I haven't been able to get anything promising since. I feel very worthless and depressed.</p> <p>Time is flying by, I'm 27 and I'm still stuck in the same place. I'm constantly broke and poor and I feel trapped. I don't know what I should be doing. I wish I could do something, anything but I'm set back b",https://www.reddit.com/r/needadvice/comments/83dl5z/undergrad_degree_unemployed_paralyzed_by/,need lawyer,,,2018-03-10T06:45:40+00:00,0,0,
low,reddit,needadvice,/u/Kittypie75,I think the hospital may be at fault for Aunt's deteriorating health..,"<!-- SC_OFF --><div class=""md""><p>I just want to start off by saying I'm certainly one of those people who trusts doctors to the fullest. Which is why I'm so confused as to what is happening with my aunt and how I should handle this.</p> <p>My Aunt is 68 yo. She wasn't feeling well and around Dec 17 noticed she had bad brain fog, and forgot her daughter's phone number which scared her, so she called the 911. She went to the hospital where they admitted her for the flu.</p> <p>A couple of days la",https://www.reddit.com/r/needadvice/comments/7rrgdf/i_think_the_hospital_may_be_at_fault_for_aunts/,need lawyer,,,2018-01-20T16:47:04+00:00,0,0,
low,reddit,needadvice,/u/throw_it_in_her,Where do I start?,"<!-- SC_OFF --><div class=""md""><p>Maybe this isn’t the right sub for this. But here goes anyway. </p> <p>I’m at what I think is the proverbial end of my rope. </p> <p>Life has always been a helluva struggle. Like it is for most people. I’m not special in this regard. But I’ve always been positive and had a sunny outlook on life. Things always work out. </p> <p>I’ve been through high school depression, a child with cancer, another child with newly diagnosed autism. A divorce that left me broke an",https://www.reddit.com/r/needadvice/comments/7r5vje/where_do_i_start/,need lawyer,,,2018-01-18T00:51:15+00:00,0,0,
low,reddit,needadvice,/u/ullkay95,Career change,"<!-- SC_OFF --><div class=""md""><p>I have planned to attend law school ever since I was a little kid. It’s something I planned my whole life around. This wasn’t a pressured thing or expected by my parents — they didn’t go to college and didn’t care what I did as long as I had a plan for myself. </p> <p>I found myself in a situation where my future acceptance could be taken away (I’d rather not talk about it). I’m waiting to hear back from my top choice and then I’ll have to inform them of my situ",https://www.reddit.com/r/needadvice/comments/elw6ue/career_change/,looking for attorney,,,2020-01-08T17:56:15+00:00,0,0,
low,reddit,needadvice,/u/crazycrowz,Anyone have any advice on selling a home to a family member?,"<!-- SC_OFF --><div class=""md""><p>Hi Reddit! So, my parents are in their early 70s. They have agreed to sell their small home in Massachusetts worth around 250,000 to my sister and her fiancé. A couple issues...</p> <p>My sister and her fiancé have been engaged for 10 years, have 3 kids and are unlikely to get married anytime soon. He has a good job and credit but my sister doesn’t work and has no credit. </p> <p>My parents owe 150,000 on the house and are planning on using the 100,000 they woul",https://www.reddit.com/r/needadvice/comments/8od109/anyone_have_any_advice_on_selling_a_home_to_a/,looking for attorney,,,2018-06-04T00:22:10+00:00,0,0,
low,reddit,needadvice,/u/syyx66,Got slammed by two traffic tickets in New York,"<!-- SC_OFF --><div class=""md""><p>I fucked up, twice. I live in New Jersey and I have an NJ license. 2 months ago, I got a ticket for cell phone use while driving near White Plains, NY. Yes, I'm an idiot. I was talking on the phone. The officer told me she won't be attending the court hearing, so I'd be able to have the case dismissed. I mailed the ticket back to the court pleading not guilty and am awaiting a response with the hearing date. </p> <p>Today I drove to Brooklyn to buy camera lenses",https://www.reddit.com/r/needadvice/comments/8ocae6/got_slammed_by_two_traffic_tickets_in_new_york/,looking for attorney,,,2018-06-03T22:31:44+00:00,0,0,
low,reddit,needadvice,/u/throw-away451,Need advice on how to get my career going,"<!-- SC_OFF --><div class=""md""><p>Background: I was an English major in college and received my Juris Doctor (law degree) in May 2013. I took the bar twice and narrowly failed both times, and now I can't afford to take it again. Since May 2013, I've only been able to get two jobs, and neither of them was good at all. I'd never worked before that.</p> <p>My first position was from June 2014 to Jan 2015. I was a legal assistant working for a good law firm, but only for the short term because of a ",https://www.reddit.com/r/needadvice/comments/3f4617/need_advice_on_how_to_get_my_career_going/,looking for attorney,,,2015-07-30T03:12:52+00:00,0,0,
low,reddit,needadvice,/u/marty9819,Robbed at the bus station. What do I do now?,"<!-- SC_OFF --><div class=""md""><p>Long story short: Yesterday, upon taking the bus to see my sick father, I was told by an associate at Greyhound to place my bags with the others to be loaded on the bus. My bag didn't get loaded, and disappeared between the time I got on the bus and the time we left.</p> <p>Inside my bag was my laptop and video game stuff valued to at least 2000 dollars.</p> <p>I've called the station. I searched the bus. I filed a police report. I had my brother go there and lo",https://www.reddit.com/r/needadvice/comments/2y6hep/robbed_at_the_bus_station_what_do_i_do_now/,looking for attorney,,,2015-03-06T21:54:39+00:00,0,0,
low,reddit,needadvice,/u/Topha,"Has anyone ever filed for bankruptcy? And if so, what happened/how'd it work out/what were any pros/cons? [Serious personal situation advice needed]","<!-- SC_OFF --><div class=""md""><p>My family is truly fucked. Both my wife and I were jobless for over 3 months (my wife now for about 6) and our mortgage company is wanting to foreclose on our house and we have about 12k in credit card debt that we racked up over the past few years, and 2 car loans that are still paid for. I am working again and my wife has an interview tomorrow for a new job but we had (I admit it) poor spending habits on top of being unemployed for awhile.</p> <p>The house we ",https://www.reddit.com/r/needadvice/comments/2kpqq6/has_anyone_ever_filed_for_bankruptcy_and_if_so/,looking for attorney,,,2014-10-29T21:09:22+00:00,0,0,
low,reddit,needadvice,/u/blackhatrob,[Serious] I'm trying to find a small and\or somewhat inexpensive (<= $150 USD) fire\water resistant container for document storage.,"<!-- SC_OFF --><div class=""md""><p>My wife recently and unexpectedly became a power of attorney for both of her parents. While we typically keep our most important documents in a safe box in our bank, we cannot do this with their various documents due to needing true originals on a regular basis. This requires that they be available 24/7 so we would like to place them in a fire\water resistant lockable container in our home.</p> <p>We've looked at some models like the <a href=""http://www.sentrysa",https://www.reddit.com/r/needadvice/comments/2h36rw/serious_im_trying_to_find_a_small_andor_somewhat/,looking for attorney,,,2014-09-22T02:02:34+00:00,0,0,
low,reddit,needadvice,/u/KobraC0mmander,Need advice about changing job,"<!-- SC_OFF --><div class=""md""><p>So I've been looking for a new job for awhile. This is mostly because <strong>my current job is about as stable as a game of Jenga</strong>. I'm a legal assistant at a tiny lawfirm and I get paid under the table <strong>($900 biweekly) with no benefits</strong>. The attorney is in trouble with the bankruptcy court for not keeping correct records, our client base has practically dried up, we are no longer allowed to file Chapter 13 Bankruptcies (which I've spent ",https://www.reddit.com/r/needadvice/comments/2c92yo/need_advice_about_changing_job/,looking for attorney,,,2014-07-31T16:39:12+00:00,0,0,
low,reddit,needadvice,/u/etbmm,"""You look stressed"" commentary from coworkers making me self-conscious","<!-- SC_OFF --><div class=""md""><p>I'm an attorney and new mom. A couple of my coworkers often comment on how stressed I looked or seemed in a given situation. My supervisors have never commented on this in any way, but coworkers who are at my level make these comments enough that I am starting to feel very ostracized. I recently came back from maternity leave and, yes, I am very pressed for time. I don't spend a lot of time making small talk or socializing because I want to devote my time to my ",https://www.reddit.com/r/needadvice/comments/1fnidc/you_look_stressed_commentary_from_coworkers/,looking for attorney,,,2013-06-04T14:28:32+00:00,0,0,
low,reddit,needadvice,/u/techtakular,career/job advice...,"<!-- SC_OFF --><div class=""md""><p>I am currently a struggling college student, looking for a back up plan. because I don't think I'm going to do well in the next coming months(and no that doesn't mean I'm going to give up, I've been at this for a rather long time and why I haven't given up not is beyond me). </p> <p>my problem? well currently I'm tring to become an engineer, the problem with that? math kicks my ass. Not that I have an issue with the work or doing the work or puting the hours to ",https://www.reddit.com/r/needadvice/comments/kl5yc/careerjob_advice/,looking for attorney,,,2011-09-20T02:34:39+00:00,0,0,
